doc_id,company_code,company_name,year,doc_type,file_path,total_pages,issue_pages_before,issue_ratio_before,rescued_pymupdf,rescued_llamaparse,issue_pages_after,issue_ratio_after,issue_breakdown_after,still_failed_pages
000990_2022_business_report,000990,DB하이텍,2022,business_report,/content/drive/MyDrive/ESG 팀프로젝트/2. ESG 채점 세트/보고서 3종/DB하이텍(000990)/000990_2022_business.pdf,296,1,0.003,0,0,1,0.003,"{""scanned_image"": 1}",[4]
000990_2022_governance_report,000990,DB하이텍,2022,governance_report,/content/drive/MyDrive/ESG 팀프로젝트/2. ESG 채점 세트/보고서 3종/DB하이텍(000990)/000990_2022_governance.pdf,54,0,0.0,0,0,0,0.0,{},[]
000990_2022_sustainability_report,000990,DB하이텍,2022,sustainability_report,/content/drive/MyDrive/ESG 팀프로젝트/2. ESG 채점 세트/보고서 3종/DB하이텍(000990)/000990_2022_sustainability.pdf,78,78,1.0,0,0,78,1.0,"{""scanned_image"": 1, ""vector_curve_text"": 77}","[1, 2, 3, 4, 5, 6, 7, 8, 9, 10, 11, 12, 13, 14, 15, 16, 17, 18, 19, 20, 21, 22, 23, 24, 25, 26, 27, 28, 29, 30, 31, 32, 33, 34, 35, 36, 37, 38, 39, 40, 41, 42, 43, 44, 45, 46, 47, 48, 49, 50, 51, 52, 53, 54, 55, 56, 57, 58, 59, 60, 61, 62, 63, 64, 65, 66, 67, 68, 69, 70, 71, 72, 73, 74, 75, 76, 77, 78]"
000990_2023_business_report,000990,DB하이텍,2023,business_report,/content/drive/MyDrive/ESG 팀프로젝트/2. ESG 채점 세트/보고서 3종/DB하이텍(000990)/000990_2023_business.pdf,306,1,0.003,0,0,1,0.003,"{""scanned_image"": 1}",[4]
000990_2023_governance_report,000990,DB하이텍,2023,governance_report,/content/drive/MyDrive/ESG 팀프로젝트/2. ESG 채점 세트/보고서 3종/DB하이텍(000990)/000990_2023_governance.pdf,59,4,0.068,0,0,4,0.068,"{""scanned_image"": 4}","[10, 11, 43, 45]"
000990_2023_sustainability_report,000990,DB하이텍,2023,sustainability_report,/content/drive/MyDrive/ESG 팀프로젝트/2. ESG 채점 세트/보고서 3종/DB하이텍(000990)/000990_2023_sustainability.pdf,90,90,1.0,12,0,78,0.867,"{""scanned_image"": 1, ""vector_curve_text"": 77}","[1, 2, 3, 4, 5, 6, 7, 8, 9, 10, 11, 12, 13, 15, 16, 17, 18, 19, 21, 22, 23, 24, 26, 33, 34, 35, 37, 39, 41, 42, 43, 44, 45, 46, 47, 48, 49, 50, 51, 52, 53, 54, 55, 56, 57, 58, 59, 60, 61, 62, 63, 64, 65, 66, 67, 68, 69, 70, 71, 72, 73, 74, 75, 76, 77, 78, 79, 80, 81, 82, 83, 84, 85, 86, 87, 88, 89, 90]"
000990_2024_business_report,000990,DB하이텍,2024,business_report,/content/drive/MyDrive/ESG 팀프로젝트/2. ESG 채점 세트/보고서 3종/DB하이텍(000990)/000990_2024_business.pdf,311,2,0.006,0,0,2,0.006,"{""scanned_image"": 2}","[22, 24]"
000990_2024_governance_report,000990,DB하이텍,2024,governance_report,/content/drive/MyDrive/ESG 팀프로젝트/2. ESG 채점 세트/보고서 3종/DB하이텍(000990)/000990_2024_governance.pdf,49,0,0.0,0,0,0,0.0,{},[]
000990_2024_sustainability_report,000990,DB하이텍,2024,sustainability_report,/content/drive/MyDrive/ESG 팀프로젝트/2. ESG 채점 세트/보고서 3종/DB하이텍(000990)/000990_2024_sustainability.pdf,92,92,1.0,12,0,80,0.87,"{""scanned_image"": 1, ""vector_curve_text"": 79}","[1, 2, 3, 4, 5, 6, 7, 8, 9, 10, 11, 12, 13, 15, 16, 17, 18, 19, 21, 22, 23, 24, 26, 32, 33, 34, 35, 37, 39, 41, 42, 43, 44, 45, 46, 47, 48, 49, 50, 52, 53, 54, 55, 56, 57, 58, 59, 60, 61, 62, 63, 64, 65, 66, 67, 68, 69, 70, 71, 72, 73, 74, 75, 76, 77, 78, 79, 80, 81, 82, 83, 84, 85, 86, 87, 88, 89, 90, 91, 92]"
000990_2025_business_report,000990,DB하이텍,2025,business_report,/content/drive/MyDrive/ESG 팀프로젝트/2. ESG 채점 세트/보고서 3종/DB하이텍(000990)/000990_2025_business.pdf,303,1,0.003,0,0,1,0.003,"{""scanned_image"": 1}",[6]
000990_2025_governance_report,000990,DB하이텍,2025,governance_report,/content/drive/MyDrive/ESG 팀프로젝트/2. ESG 채점 세트/보고서 3종/DB하이텍(000990)/000990_2025_governance.pdf,55,0,0.0,0,0,0,0.0,{},[]
000990_2025_sustainability_report,000990,DB하이텍,2025,sustainability_report,/content/drive/MyDrive/ESG 팀프로젝트/2. ESG 채점 세트/보고서 3종/DB하이텍(000990)/000990_2025_sustainability.pdf,102,92,0.902,3,0,89,0.873,"{""scanned_image"": 1, ""vector_curve_text"": 88}","[1, 2, 3, 4, 5, 6, 7, 8, 9, 10, 11, 12, 13, 14, 15, 16, 17, 18, 19, 20, 22, 23, 24, 27, 33, 34, 37, 38, 39, 40, 41, 42, 43, 44, 45, 46, 47, 48, 49, 50, 51, 52, 53, 54, 55, 56, 57, 58, 60, 62, 63, 64, 65, 66, 67, 68, 69, 70, 72, 73, 74, 75, 76, 77, 78, 79, 80, 81, 82, 83, 84, 85, 86, 87, 88, 89, 90, 91, 92, 93, 94, 95, 96, 97, 98, 99, 100, 101, 102]"
007340_2022_business_report,007340,DN오토모티브,2022,business_report,/content/drive/MyDrive/ESG 팀프로젝트/2. ESG 채점 세트/보고서 3종/DN오토모티브(007340)/007340_2022_business.pdf,262,1,0.004,0,0,1,0.004,"{""scanned_image"": 1}",[4]
007340_2022_governance_report,007340,DN오토모티브,2022,governance_report,/content/drive/MyDrive/ESG 팀프로젝트/2. ESG 채점 세트/보고서 3종/DN오토모티브(007340)/007340_2022_governance.pdf,55,1,0.018,0,0,1,0.018,"{""scanned_image"": 1}",[1]
007340_2023_business_report,007340,DN오토모티브,2023,business_report,/content/drive/MyDrive/ESG 팀프로젝트/2. ESG 채점 세트/보고서 3종/DN오토모티브(007340)/007340_2023_business.pdf,297,2,0.007,0,0,2,0.007,"{""scanned_image"": 2}","[21, 23]"
007340_2023_governance_report,007340,DN오토모티브,2023,governance_report,/content/drive/MyDrive/ESG 팀프로젝트/2. ESG 채점 세트/보고서 3종/DN오토모티브(007340)/007340_2023_governance.pdf,54,0,0.0,0,0,0,0.0,{},[]
007340_2024_business_report,007340,DN오토모티브,2024,business_report,/content/drive/MyDrive/ESG 팀프로젝트/2. ESG 채점 세트/보고서 3종/DN오토모티브(007340)/007340_2024_business.pdf,243,2,0.008,0,0,2,0.008,"{""scanned_image"": 2}","[4, 6]"
007340_2024_governance_report,007340,DN오토모티브,2024,governance_report,/content/drive/MyDrive/ESG 팀프로젝트/2. ESG 채점 세트/보고서 3종/DN오토모티브(007340)/007340_2024_governance.pdf,41,0,0.0,0,0,0,0.0,{},[]
007340_2025_business_report,007340,DN오토모티브,2025,business_report,/content/drive/MyDrive/ESG 팀프로젝트/2. ESG 채점 세트/보고서 3종/DN오토모티브(007340)/007340_2025_business.pdf,309,1,0.003,0,0,1,0.003,"{""scanned_image"": 1}",[6]
007340_2025_governance_report,007340,DN오토모티브,2025,governance_report,/content/drive/MyDrive/ESG 팀프로젝트/2. ESG 채점 세트/보고서 3종/DN오토모티브(007340)/007340_2025_governance.pdf,45,0,0.0,0,0,0,0.0,{},[]
322000_2022_business_report,322000,HD현대에너지솔루션,2022,business_report,/content/drive/MyDrive/ESG 팀프로젝트/2. ESG 채점 세트/보고서 3종/HD현대에너지솔루션(322000)/322000_2022_business.pdf,321,2,0.006,0,0,2,0.006,"{""scanned_image"": 2}","[6, 8]"
322000_2022_sustainability_report,322000,HD현대에너지솔루션,2022,sustainability_report,/content/drive/MyDrive/ESG 팀프로젝트/2. ESG 채점 세트/보고서 3종/HD현대에너지솔루션(322000)/322000_2022_sustainability.pdf,72,1,0.014,0,0,1,0.014,"{""vector_curve_text"": 1}",[1]
322000_2023_business_report,322000,HD현대에너지솔루션,2023,business_report,/content/drive/MyDrive/ESG 팀프로젝트/2. ESG 채점 세트/보고서 3종/HD현대에너지솔루션(322000)/322000_2023_business.pdf,321,1,0.003,0,0,1,0.003,"{""scanned_image"": 1}",[4]
322000_2023_sustainability_report,322000,HD현대에너지솔루션,2023,sustainability_report,/content/drive/MyDrive/ESG 팀프로젝트/2. ESG 채점 세트/보고서 3종/HD현대에너지솔루션(322000)/322000_2023_sustainability.pdf,79,7,0.089,1,0,6,0.076,"{""scanned_image"": 5, ""vector_curve_text"": 1}","[1, 3, 13, 15, 16, 18]"
322000_2024_business_report,322000,HD현대에너지솔루션,2024,business_report,/content/drive/MyDrive/ESG 팀프로젝트/2. ESG 채점 세트/보고서 3종/HD현대에너지솔루션(322000)/322000_2024_business.pdf,323,1,0.003,0,0,1,0.003,"{""scanned_image"": 1}",[4]
322000_2024_governance_report,322000,HD현대에너지솔루션,2024,governance_report,/content/drive/MyDrive/ESG 팀프로젝트/2. ESG 채점 세트/보고서 3종/HD현대에너지솔루션(322000)/322000_2024_governance.pdf,53,0,0.0,0,0,0,0.0,{},[]
322000_2024_sustainability_report,322000,HD현대에너지솔루션,2024,sustainability_report,/content/drive/MyDrive/ESG 팀프로젝트/2. ESG 채점 세트/보고서 3종/HD현대에너지솔루션(322000)/322000_2024_sustainability.pdf,68,1,0.015,0,0,1,0.015,"{""scanned_image"": 1}",[1]
322000_2025_business_report,322000,HD현대에너지솔루션,2025,business_report,/content/drive/MyDrive/ESG 팀프로젝트/2. ESG 채점 세트/보고서 3종/HD현대에너지솔루션(322000)/322000_2025_business.pdf,323,2,0.006,0,0,2,0.006,"{""scanned_image"": 2}","[8, 10]"
322000_2025_governance_report,322000,HD현대에너지솔루션,2025,governance_report,/content/drive/MyDrive/ESG 팀프로젝트/2. ESG 채점 세트/보고서 3종/HD현대에너지솔루션(322000)/322000_2025_governance.pdf,60,0,0.0,0,0,0,0.0,{},[]
322000_2025_sustainability_report,322000,HD현대에너지솔루션,2025,sustainability_report,/content/drive/MyDrive/ESG 팀프로젝트/2. ESG 채점 세트/보고서 3종/HD현대에너지솔루션(322000)/322000_2025_sustainability.pdf,80,3,0.037,2,0,1,0.013,"{""scanned_image"": 1}",[1]
267260_2022_business_report,267260,HD현대일렉트릭,2022,business_report,/content/drive/MyDrive/ESG 팀프로젝트/2. ESG 채점 세트/보고서 3종/HD현대일렉트릭(267260)/267260_2022_business.pdf,360,1,0.003,0,0,1,0.003,"{""scanned_image"": 1}",[4]
267260_2022_governance_report,267260,HD현대일렉트릭,2022,governance_report,/content/drive/MyDrive/ESG 팀프로젝트/2. ESG 채점 세트/보고서 3종/HD현대일렉트릭(267260)/267260_2022_governance.pdf,88,0,0.0,0,0,0,0.0,{},[]
267260_2023_business_report,267260,HD현대일렉트릭,2023,business_report,/content/drive/MyDrive/ESG 팀프로젝트/2. ESG 채점 세트/보고서 3종/HD현대일렉트릭(267260)/267260_2023_business.pdf,397,1,0.003,0,0,1,0.003,"{""scanned_image"": 1}",[4]
267260_2023_governance_report,267260,HD현대일렉트릭,2023,governance_report,/content/drive/MyDrive/ESG 팀프로젝트/2. ESG 채점 세트/보고서 3종/HD현대일렉트릭(267260)/267260_2023_governance.pdf,91,0,0.0,0,0,0,0.0,{},[]
267260_2023_sustainability_report,267260,HD현대일렉트릭,2023,sustainability_report,/content/drive/MyDrive/ESG 팀프로젝트/2. ESG 채점 세트/보고서 3종/HD현대일렉트릭(267260)/267260_2023_sustainability.pdf,101,23,0.228,20,0,3,0.03,"{""vector_curve_text"": 1, ""scanned_image"": 2}","[1, 3, 34]"
267260_2024_business_report,267260,HD현대일렉트릭,2024,business_report,/content/drive/MyDrive/ESG 팀프로젝트/2. ESG 채점 세트/보고서 3종/HD현대일렉트릭(267260)/267260_2024_business.pdf,365,1,0.003,0,0,1,0.003,"{""scanned_image"": 1}",[6]
267260_2024_governance_report,267260,HD현대일렉트릭,2024,governance_report,/content/drive/MyDrive/ESG 팀프로젝트/2. ESG 채점 세트/보고서 3종/HD현대일렉트릭(267260)/267260_2024_governance.pdf,60,0,0.0,0,0,0,0.0,{},[]
267260_2024_sustainability_report,267260,HD현대일렉트릭,2024,sustainability_report,/content/drive/MyDrive/ESG 팀프로젝트/2. ESG 채점 세트/보고서 3종/HD현대일렉트릭(267260)/267260_2024_sustainability.pdf,113,31,0.274,28,0,3,0.027,"{""vector_curve_text"": 2, ""scanned_image"": 1}","[1, 3, 14]"
267260_2025_business_report,267260,HD현대일렉트릭,2025,business_report,/content/drive/MyDrive/ESG 팀프로젝트/2. ESG 채점 세트/보고서 3종/HD현대일렉트릭(267260)/267260_2025_business.pdf,376,2,0.005,0,0,2,0.005,"{""scanned_image"": 2}","[9, 11]"
267260_2025_governance_report,267260,HD현대일렉트릭,2025,governance_report,/content/drive/MyDrive/ESG 팀프로젝트/2. ESG 채점 세트/보고서 3종/HD현대일렉트릭(267260)/267260_2025_governance.pdf,61,0,0.0,0,0,0,0.0,{},[]
267260_2025_sustainability_report,267260,HD현대일렉트릭,2025,sustainability_report,/content/drive/MyDrive/ESG 팀프로젝트/2. ESG 채점 세트/보고서 3종/HD현대일렉트릭(267260)/267260_2025_sustainability.pdf,130,8,0.062,0,0,8,0.062,"{""vector_curve_text"": 8}","[1, 4, 15, 24, 25, 55, 93, 114]"
060720_2023_business_report,060720,KH바텍,2023,business_report,/content/drive/MyDrive/ESG 팀프로젝트/2. ESG 채점 세트/보고서 3종/KH바텍(060720)/060720_2023_business.pdf,182,2,0.011,0,0,2,0.011,"{""scanned_image"": 2}","[4, 179]"
060720_2023_sustainability_report,060720,KH바텍,2023,sustainability_report,/content/drive/MyDrive/ESG 팀프로젝트/2. ESG 채점 세트/보고서 3종/KH바텍(060720)/060720_2023_sustainability.pdf,54,54,1.0,1,0,53,0.981,"{""scanned_image"": 52, ""vector_curve_text"": 1}","[1, 2, 3, 4, 5, 6, 7, 8, 9, 10, 11, 12, 13, 14, 15, 16, 17, 18, 19, 20, 21, 22, 23, 24, 26, 27, 28, 29, 30, 31, 32, 33, 34, 35, 36, 37, 38, 39, 40, 41, 42, 43, 44, 45, 46, 47, 48, 49, 50, 51, 52, 53, 54]"
060720_2024_business_report,060720,KH바텍,2024,business_report,/content/drive/MyDrive/ESG 팀프로젝트/2. ESG 채점 세트/보고서 3종/KH바텍(060720)/060720_2024_business.pdf,162,2,0.012,0,0,2,0.012,"{""scanned_image"": 2}","[4, 159]"
060720_2024_sustainability_report,060720,KH바텍,2024,sustainability_report,/content/drive/MyDrive/ESG 팀프로젝트/2. ESG 채점 세트/보고서 3종/KH바텍(060720)/060720_2024_sustainability.pdf,44,44,1.0,4,0,40,0.909,"{""scanned_image"": 39, ""vector_curve_text"": 1}","[1, 2, 3, 4, 5, 6, 7, 8, 9, 10, 11, 12, 13, 14, 16, 17, 18, 19, 20, 21, 22, 24, 25, 27, 28, 30, 31, 32, 33, 34, 35, 36, 37, 38, 39, 40, 41, 42, 43, 44]"
033180_2023_business_report,033180,KH필룩스,2023,business_report,/content/drive/MyDrive/ESG 팀프로젝트/2. ESG 채점 세트/보고서 3종/KH필룩스(033180)/033180_2023_business.pdf,296,5,0.017,0,0,5,0.017,"{""scanned_image"": 5}","[5, 7, 28, 283, 290]"
033180_2023_governance_report,033180,KH필룩스,2023,governance_report,/content/drive/MyDrive/ESG 팀프로젝트/2. ESG 채점 세트/보고서 3종/KH필룩스(033180)/033180_2023_governance.pdf,70,0,0.0,0,0,0,0.0,{},[]
033180_2024_business_report,033180,KH필룩스,2024,business_report,/content/drive/MyDrive/ESG 팀프로젝트/2. ESG 채점 세트/보고서 3종/KH필룩스(033180)/033180_2024_business.pdf,284,5,0.018,0,0,5,0.018,"{""scanned_image"": 5}","[4, 30, 269, 277, 278]"
033180_2024_governance_report,033180,KH필룩스,2024,governance_report,/content/drive/MyDrive/ESG 팀프로젝트/2. ESG 채점 세트/보고서 3종/KH필룩스(033180)/033180_2024_governance.pdf,44,0,0.0,0,0,0,0.0,{},[]
033180_2025_business_report,033180,KH필룩스,2025,business_report,/content/drive/MyDrive/ESG 팀프로젝트/2. ESG 채점 세트/보고서 3종/KH필룩스(033180)/033180_2025_business.pdf,281,5,0.018,0,0,5,0.018,"{""scanned_image"": 5}","[10, 12, 268, 274, 275]"
033180_2025_governance_report,033180,KH필룩스,2025,governance_report,/content/drive/MyDrive/ESG 팀프로젝트/2. ESG 채점 세트/보고서 3종/KH필룩스(033180)/033180_2025_governance.pdf,46,0,0.0,0,0,0,0.0,{},[]
061970_2022_business_report,061970,LB세미콘,2022,business_report,/content/drive/MyDrive/ESG 팀프로젝트/2. ESG 채점 세트/보고서 3종/LB세미콘(061970)/061970_2022_business.pdf,223,1,0.004,0,0,1,0.004,"{""scanned_image"": 1}",[4]
061970_2022_sustainability_report,061970,LB세미콘,2022,sustainability_report,/content/drive/MyDrive/ESG 팀프로젝트/2. ESG 채점 세트/보고서 3종/LB세미콘(061970)/061970_2022_sustainability.pdf,7,7,1.0,0,0,7,1.0,"{""vector_curve_text"": 5, ""scanned_image"": 2}","[1, 2, 3, 4, 5, 6, 7]"
061970_2023_business_report,061970,LB세미콘,2023,business_report,/content/drive/MyDrive/ESG 팀프로젝트/2. ESG 채점 세트/보고서 3종/LB세미콘(061970)/061970_2023_business.pdf,229,1,0.004,0,0,1,0.004,"{""scanned_image"": 1}",[4]
061970_2023_sustainability_report,061970,LB세미콘,2023,sustainability_report,/content/drive/MyDrive/ESG 팀프로젝트/2. ESG 채점 세트/보고서 3종/LB세미콘(061970)/061970_2023_sustainability.pdf,31,31,1.0,0,0,31,1.0,"{""vector_curve_text"": 10, ""scanned_image"": 21}","[1, 2, 3, 4, 5, 6, 7, 8, 9, 10, 11, 12, 13, 14, 15, 16, 17, 18, 19, 20, 21, 22, 23, 24, 25, 26, 27, 28, 29, 30, 31]"
061970_2024_business_report,061970,LB세미콘,2024,business_report,/content/drive/MyDrive/ESG 팀프로젝트/2. ESG 채점 세트/보고서 3종/LB세미콘(061970)/061970_2024_business.pdf,228,2,0.009,0,0,2,0.009,"{""scanned_image"": 2}","[6, 8]"
061970_2024_sustainability_report,061970,LB세미콘,2024,sustainability_report,/content/drive/MyDrive/ESG 팀프로젝트/2. ESG 채점 세트/보고서 3종/LB세미콘(061970)/061970_2024_sustainability.pdf,36,7,0.194,7,0,0,0.0,{},[]
034220_2022_business_report,034220,LG디스플레이,2022,business_report,/content/drive/MyDrive/ESG 팀프로젝트/2. ESG 채점 세트/보고서 3종/LG디스플레이(034220)/034220_2022_business.pdf,341,1,0.003,0,0,1,0.003,"{""scanned_image"": 1}",[4]
034220_2022_governance_report,034220,LG디스플레이,2022,governance_report,/content/drive/MyDrive/ESG 팀프로젝트/2. ESG 채점 세트/보고서 3종/LG디스플레이(034220)/034220_2022_governance.pdf,79,0,0.0,0,0,0,0.0,{},[]
034220_2022_sustainability_report,034220,LG디스플레이,2022,sustainability_report,/content/drive/MyDrive/ESG 팀프로젝트/2. ESG 채점 세트/보고서 3종/LG디스플레이(034220)/034220_2022_sustainability.pdf,103,23,0.223,22,0,1,0.01,"{""scanned_image"": 1}",[1]
034220_2023_business_report,034220,LG디스플레이,2023,business_report,/content/drive/MyDrive/ESG 팀프로젝트/2. ESG 채점 세트/보고서 3종/LG디스플레이(034220)/034220_2023_business.pdf,348,1,0.003,0,0,1,0.003,"{""scanned_image"": 1}",[4]
034220_2023_governance_report,034220,LG디스플레이,2023,governance_report,/content/drive/MyDrive/ESG 팀프로젝트/2. ESG 채점 세트/보고서 3종/LG디스플레이(034220)/034220_2023_governance.pdf,86,0,0.0,0,0,0,0.0,{},[]
034220_2023_sustainability_report,034220,LG디스플레이,2023,sustainability_report,/content/drive/MyDrive/ESG 팀프로젝트/2. ESG 채점 세트/보고서 3종/LG디스플레이(034220)/034220_2023_sustainability.pdf,147,12,0.082,1,0,11,0.075,"{""scanned_image"": 8, ""vector_curve_text"": 3}","[1, 6, 7, 12, 16, 17, 32, 47, 50, 54, 147]"
034220_2024_business_report,034220,LG디스플레이,2024,business_report,/content/drive/MyDrive/ESG 팀프로젝트/2. ESG 채점 세트/보고서 3종/LG디스플레이(034220)/034220_2024_business.pdf,312,1,0.003,0,0,1,0.003,"{""scanned_image"": 1}",[5]
034220_2024_governance_report,034220,LG디스플레이,2024,governance_report,/content/drive/MyDrive/ESG 팀프로젝트/2. ESG 채점 세트/보고서 3종/LG디스플레이(034220)/034220_2024_governance.pdf,63,0,0.0,0,0,0,0.0,{},[]
034220_2024_sustainability_report,034220,LG디스플레이,2024,sustainability_report,/content/drive/MyDrive/ESG 팀프로젝트/2. ESG 채점 세트/보고서 3종/LG디스플레이(034220)/034220_2024_sustainability.pdf,166,42,0.253,37,0,5,0.03,"{""scanned_image"": 4, ""vector_curve_text"": 1}","[1, 7, 38, 55, 97]"
034220_2025_business_report,034220,LG디스플레이,2025,business_report,/content/drive/MyDrive/ESG 팀프로젝트/2. ESG 채점 세트/보고서 3종/LG디스플레이(034220)/034220_2025_business.pdf,332,1,0.003,0,0,1,0.003,"{""scanned_image"": 1}",[5]
034220_2025_governance_report,034220,LG디스플레이,2025,governance_report,/content/drive/MyDrive/ESG 팀프로젝트/2. ESG 채점 세트/보고서 3종/LG디스플레이(034220)/034220_2025_governance.pdf,64,0,0.0,0,0,0,0.0,{},[]
034220_2025_sustainability_report,034220,LG디스플레이,2025,sustainability_report,/content/drive/MyDrive/ESG 팀프로젝트/2. ESG 채점 세트/보고서 3종/LG디스플레이(034220)/034220_2025_sustainability.pdf,80,26,0.325,20,0,6,0.075,"{""scanned_image"": 3, ""vector_curve_text"": 3}","[1, 27, 42, 55, 57, 80]"
373220_2024_business_report,373220,LG에너지솔루션,2024,business_report,/content/drive/MyDrive/ESG 팀프로젝트/2. ESG 채점 세트/보고서 3종/LG에너지솔루션(373220)/373220_2024_business.pdf,340,1,0.003,0,0,1,0.003,"{""scanned_image"": 1}",[5]
373220_2024_governance_report,373220,LG에너지솔루션,2024,governance_report,/content/drive/MyDrive/ESG 팀프로젝트/2. ESG 채점 세트/보고서 3종/LG에너지솔루션(373220)/373220_2024_governance.pdf,57,0,0.0,0,0,0,0.0,{},[]
373220_2024_sustainability_report,373220,LG에너지솔루션,2024,sustainability_report,/content/drive/MyDrive/ESG 팀프로젝트/2. ESG 채점 세트/보고서 3종/LG에너지솔루션(373220)/373220_2024_sustainability.pdf,141,11,0.078,6,0,5,0.035,"{""vector_curve_text"": 5}","[27, 31, 32, 60, 95]"
373220_2025_business_report,373220,LG에너지솔루션,2025,business_report,/content/drive/MyDrive/ESG 팀프로젝트/2. ESG 채점 세트/보고서 3종/LG에너지솔루션(373220)/373220_2025_business.pdf,336,1,0.003,0,0,1,0.003,"{""scanned_image"": 1}",[5]
373220_2025_governance_report,373220,LG에너지솔루션,2025,governance_report,/content/drive/MyDrive/ESG 팀프로젝트/2. ESG 채점 세트/보고서 3종/LG에너지솔루션(373220)/373220_2025_governance.pdf,61,0,0.0,0,0,0,0.0,{},[]
373220_2025_sustainability_report,373220,LG에너지솔루션,2025,sustainability_report,/content/drive/MyDrive/ESG 팀프로젝트/2. ESG 채점 세트/보고서 3종/LG에너지솔루션(373220)/373220_2025_sustainability.pdf,178,13,0.073,13,0,0,0.0,{},[]
011070_2022_business_report,011070,LG이노텍,2022,business_report,/content/drive/MyDrive/ESG 팀프로젝트/2. ESG 채점 세트/보고서 3종/LG이노텍(011070)/011070_2022_business.pdf,294,1,0.003,0,0,1,0.003,"{""scanned_image"": 1}",[4]
011070_2022_sustainability_report,011070,LG이노텍,2022,sustainability_report,/content/drive/MyDrive/ESG 팀프로젝트/2. ESG 채점 세트/보고서 3종/LG이노텍(011070)/011070_2022_sustainability.pdf,146,46,0.315,31,0,15,0.103,"{""scanned_image"": 10, ""vector_curve_text"": 5}","[4, 10, 16, 22, 24, 30, 34, 54, 82, 87, 110, 138, 140, 142, 144]"
011070_2023_business_report,011070,LG이노텍,2023,business_report,/content/drive/MyDrive/ESG 팀프로젝트/2. ESG 채점 세트/보고서 3종/LG이노텍(011070)/011070_2023_business.pdf,326,1,0.003,0,0,1,0.003,"{""scanned_image"": 1}",[4]
011070_2023_sustainability_report,011070,LG이노텍,2023,sustainability_report,/content/drive/MyDrive/ESG 팀프로젝트/2. ESG 채점 세트/보고서 3종/LG이노텍(011070)/011070_2023_sustainability.pdf,77,10,0.13,9,0,1,0.013,"{""scanned_image"": 1}",[76]
011070_2024_business_report,011070,LG이노텍,2024,business_report,/content/drive/MyDrive/ESG 팀프로젝트/2. ESG 채점 세트/보고서 3종/LG이노텍(011070)/011070_2024_business.pdf,37,35,0.946,0,0,35,0.946,"{""scanned_image"": 35}","[3, 4, 5, 6, 7, 8, 9, 10, 11, 12, 13, 14, 15, 16, 17, 18, 19, 20, 21, 22, 23, 24, 25, 26, 27, 28, 29, 30, 31, 32, 33, 34, 35, 36, 37]"
011070_2024_governance_report,011070,LG이노텍,2024,governance_report,/content/drive/MyDrive/ESG 팀프로젝트/2. ESG 채점 세트/보고서 3종/LG이노텍(011070)/011070_2024_governance.pdf,50,0,0.0,0,0,0,0.0,{},[]
011070_2024_sustainability_report,011070,LG이노텍,2024,sustainability_report,/content/drive/MyDrive/ESG 팀프로젝트/2. ESG 채점 세트/보고서 3종/LG이노텍(011070)/011070_2024_sustainability.pdf,141,36,0.255,35,0,1,0.007,"{""scanned_image"": 1}",[10]
011070_2025_business_report,011070,LG이노텍,2025,business_report,/content/drive/MyDrive/ESG 팀프로젝트/2. ESG 채점 세트/보고서 3종/LG이노텍(011070)/011070_2025_business.pdf,340,2,0.006,0,0,2,0.006,"{""scanned_image"": 2}","[21, 23]"
011070_2025_governance_report,011070,LG이노텍,2025,governance_report,/content/drive/MyDrive/ESG 팀프로젝트/2. ESG 채점 세트/보고서 3종/LG이노텍(011070)/011070_2025_governance.pdf,53,0,0.0,0,0,0,0.0,{},[]
011070_2025_sustainability_report,011070,LG이노텍,2025,sustainability_report,/content/drive/MyDrive/ESG 팀프로젝트/2. ESG 채점 세트/보고서 3종/LG이노텍(011070)/011070_2025_sustainability.pdf,146,22,0.151,21,0,1,0.007,"{""vector_curve_text"": 1}",[11]
066570_2022_business_report,066570,LG전자,2022,business_report,/content/drive/MyDrive/ESG 팀프로젝트/2. ESG 채점 세트/보고서 3종/LG전자(066570)/066570_2022_business.pdf,477,2,0.004,0,0,2,0.004,"{""scanned_image"": 2}","[4, 6]"
066570_2022_governance_report,066570,LG전자,2022,governance_report,/content/drive/MyDrive/ESG 팀프로젝트/2. ESG 채점 세트/보고서 3종/LG전자(066570)/066570_2022_governance.pdf,80,0,0.0,0,0,0,0.0,{},[]
066570_2022_sustainability_report,066570,LG전자,2022,sustainability_report,/content/drive/MyDrive/ESG 팀프로젝트/2. ESG 채점 세트/보고서 3종/LG전자(066570)/066570_2022_sustainability.pdf,79,1,0.013,0,0,1,0.013,"{""scanned_image"": 1}",[1]
066570_2023_business_report,066570,LG전자,2023,business_report,/content/drive/MyDrive/ESG 팀프로젝트/2. ESG 채점 세트/보고서 3종/LG전자(066570)/066570_2023_business.pdf,488,1,0.002,0,0,1,0.002,"{""scanned_image"": 1}",[4]
066570_2023_governance_report,066570,LG전자,2023,governance_report,/content/drive/MyDrive/ESG 팀프로젝트/2. ESG 채점 세트/보고서 3종/LG전자(066570)/066570_2023_governance.pdf,82,0,0.0,0,0,0,0.0,{},[]
066570_2023_sustainability_report,066570,LG전자,2023,sustainability_report,/content/drive/MyDrive/ESG 팀프로젝트/2. ESG 채점 세트/보고서 3종/LG전자(066570)/066570_2023_sustainability.pdf,103,5,0.049,4,0,1,0.01,"{""scanned_image"": 1}",[3]
066570_2024_business_report,066570,LG전자,2024,business_report,/content/drive/MyDrive/ESG 팀프로젝트/2. ESG 채점 세트/보고서 3종/LG전자(066570)/066570_2024_business.pdf,610,1,0.002,0,0,1,0.002,"{""scanned_image"": 1}",[6]
066570_2024_governance_report,066570,LG전자,2024,governance_report,/content/drive/MyDrive/ESG 팀프로젝트/2. ESG 채점 세트/보고서 3종/LG전자(066570)/066570_2024_governance.pdf,57,0,0.0,0,0,0,0.0,{},[]
066570_2024_sustainability_report,066570,LG전자,2024,sustainability_report,/content/drive/MyDrive/ESG 팀프로젝트/2. ESG 채점 세트/보고서 3종/LG전자(066570)/066570_2024_sustainability.pdf,151,20,0.132,20,0,0,0.0,{},[]
066570_2025_business_report,066570,LG전자,2025,business_report,/content/drive/MyDrive/ESG 팀프로젝트/2. ESG 채점 세트/보고서 3종/LG전자(066570)/066570_2025_business.pdf,615,1,0.002,0,0,1,0.002,"{""scanned_image"": 1}",[6]
066570_2025_governance_report,066570,LG전자,2025,governance_report,/content/drive/MyDrive/ESG 팀프로젝트/2. ESG 채점 세트/보고서 3종/LG전자(066570)/066570_2025_governance.pdf,65,0,0.0,0,0,0,0.0,{},[]
066570_2025_sustainability_report,066570,LG전자,2025,sustainability_report,/content/drive/MyDrive/ESG 팀프로젝트/2. ESG 채점 세트/보고서 3종/LG전자(066570)/066570_2025_sustainability.pdf,169,12,0.071,12,0,0,0.0,{},[]
108320_2022_business_report,108320,LX세미콘,2022,business_report,/content/drive/MyDrive/ESG 팀프로젝트/2. ESG 채점 세트/보고서 3종/LX세미콘(108320)/108320_2022_business.pdf,256,1,0.004,0,0,1,0.004,"{""scanned_image"": 1}",[4]
108320_2022_sustainability_report,108320,LX세미콘,2022,sustainability_report,/content/drive/MyDrive/ESG 팀프로젝트/2. ESG 채점 세트/보고서 3종/LX세미콘(108320)/108320_2022_sustainability.pdf,41,9,0.22,4,0,5,0.122,"{""vector_curve_text"": 5}","[1, 3, 9, 38, 40]"
108320_2023_business_report,108320,LX세미콘,2023,business_report,/content/drive/MyDrive/ESG 팀프로젝트/2. ESG 채점 세트/보고서 3종/LX세미콘(108320)/108320_2023_business.pdf,237,1,0.004,0,0,1,0.004,"{""scanned_image"": 1}",[4]
108320_2023_governance_report,108320,LX세미콘,2023,governance_report,/content/drive/MyDrive/ESG 팀프로젝트/2. ESG 채점 세트/보고서 3종/LX세미콘(108320)/108320_2023_governance.pdf,79,0,0.0,0,0,0,0.0,{},[]
108320_2023_sustainability_report,108320,LX세미콘,2023,sustainability_report,/content/drive/MyDrive/ESG 팀프로젝트/2. ESG 채점 세트/보고서 3종/LX세미콘(108320)/108320_2023_sustainability.pdf,55,16,0.291,0,0,16,0.291,"{""vector_curve_text"": 7, ""scanned_image"": 9}","[1, 4, 11, 13, 16, 18, 46, 47, 48, 49, 50, 51, 52, 53, 54, 55]"
108320_2024_business_report,108320,LX세미콘,2024,business_report,/content/drive/MyDrive/ESG 팀프로젝트/2. ESG 채점 세트/보고서 3종/LX세미콘(108320)/108320_2024_business.pdf,200,1,0.005,0,0,1,0.005,"{""scanned_image"": 1}",[4]
108320_2024_governance_report,108320,LX세미콘,2024,governance_report,/content/drive/MyDrive/ESG 팀프로젝트/2. ESG 채점 세트/보고서 3종/LX세미콘(108320)/108320_2024_governance.pdf,51,0,0.0,0,0,0,0.0,{},[]
108320_2024_sustainability_report,108320,LX세미콘,2024,sustainability_report,/content/drive/MyDrive/ESG 팀프로젝트/2. ESG 채점 세트/보고서 3종/LX세미콘(108320)/108320_2024_sustainability.pdf,74,14,0.189,13,0,1,0.014,"{""vector_curve_text"": 1}",[1]
108320_2025_business_report,108320,LX세미콘,2025,business_report,/content/drive/MyDrive/ESG 팀프로젝트/2. ESG 채점 세트/보고서 3종/LX세미콘(108320)/108320_2025_business.pdf,224,2,0.009,0,0,2,0.009,"{""scanned_image"": 2}","[7, 9]"
108320_2025_governance_report,108320,LX세미콘,2025,governance_report,/content/drive/MyDrive/ESG 팀프로젝트/2. ESG 채점 세트/보고서 3종/LX세미콘(108320)/108320_2025_governance.pdf,54,0,0.0,0,0,0,0.0,{},[]
108320_2025_sustainability_report,108320,LX세미콘,2025,sustainability_report,/content/drive/MyDrive/ESG 팀프로젝트/2. ESG 채점 세트/보고서 3종/LX세미콘(108320)/108320_2025_sustainability.pdf,78,13,0.167,2,0,11,0.141,"{""scanned_image"": 2, ""vector_curve_text"": 9}","[1, 4, 11, 16, 18, 24, 27, 54, 57, 61, 62]"
361610_2023_business_report,361610,SK아이이테크놀로지,2023,business_report,/content/drive/MyDrive/ESG 팀프로젝트/2. ESG 채점 세트/보고서 3종/SK아이이테크놀로지(361610)/361610_2023_business.pdf,341,3,0.009,0,0,3,0.009,"{""scanned_image"": 3}","[12, 14, 224]"
361610_2023_governance_report,361610,SK아이이테크놀로지,2023,governance_report,/content/drive/MyDrive/ESG 팀프로젝트/2. ESG 채점 세트/보고서 3종/SK아이이테크놀로지(361610)/361610_2023_governance.pdf,103,0,0.0,0,0,0,0.0,{},[]
361610_2023_sustainability_report,361610,SK아이이테크놀로지,2023,sustainability_report,/content/drive/MyDrive/ESG 팀프로젝트/2. ESG 채점 세트/보고서 3종/SK아이이테크놀로지(361610)/361610_2023_sustainability.pdf,133,8,0.06,7,0,1,0.008,"{""vector_curve_text"": 1}",[1]
361610_2024_business_report,361610,SK아이이테크놀로지,2024,business_report,/content/drive/MyDrive/ESG 팀프로젝트/2. ESG 채점 세트/보고서 3종/SK아이이테크놀로지(361610)/361610_2024_business.pdf,308,1,0.003,0,0,1,0.003,"{""scanned_image"": 1}",[5]
361610_2024_governance_report,361610,SK아이이테크놀로지,2024,governance_report,/content/drive/MyDrive/ESG 팀프로젝트/2. ESG 채점 세트/보고서 3종/SK아이이테크놀로지(361610)/361610_2024_governance.pdf,58,0,0.0,0,0,0,0.0,{},[]
361610_2025_business_report,361610,SK아이이테크놀로지,2025,business_report,/content/drive/MyDrive/ESG 팀프로젝트/2. ESG 채점 세트/보고서 3종/SK아이이테크놀로지(361610)/361610_2025_business.pdf,330,1,0.003,0,0,1,0.003,"{""scanned_image"": 1}",[5]
361610_2025_governance_report,361610,SK아이이테크놀로지,2025,governance_report,/content/drive/MyDrive/ESG 팀프로젝트/2. ESG 채점 세트/보고서 3종/SK아이이테크놀로지(361610)/361610_2025_governance.pdf,56,0,0.0,0,0,0,0.0,{},[]
361610_2025_sustainability_report,361610,SK아이이테크놀로지,2025,sustainability_report,/content/drive/MyDrive/ESG 팀프로젝트/2. ESG 채점 세트/보고서 3종/SK아이이테크놀로지(361610)/361610_2025_sustainability.pdf,130,21,0.162,13,0,8,0.062,"{""vector_curve_text"": 1, ""scanned_image"": 7}","[1, 9, 20, 35, 36, 39, 44, 71]"
000660_2022_business_report,000660,SK하이닉스,2022,business_report,/content/drive/MyDrive/ESG 팀프로젝트/2. ESG 채점 세트/보고서 3종/SK하이닉스(000660)/000660_2022_business.pdf,336,1,0.003,0,0,1,0.003,"{""scanned_image"": 1}",[4]
000660_2022_governance_report,000660,SK하이닉스,2022,governance_report,/content/drive/MyDrive/ESG 팀프로젝트/2. ESG 채점 세트/보고서 3종/SK하이닉스(000660)/000660_2022_governance.pdf,106,1,0.009,1,0,0,0.0,{},[]
000660_2022_sustainability_report,000660,SK하이닉스,2022,sustainability_report,/content/drive/MyDrive/ESG 팀프로젝트/2. ESG 채점 세트/보고서 3종/SK하이닉스(000660)/000660_2022_sustainability.pdf,120,38,0.317,34,0,4,0.033,"{""vector_curve_text"": 2, ""scanned_image"": 2}","[7, 11, 58, 88]"
000660_2023_business_report,000660,SK하이닉스,2023,business_report,/content/drive/MyDrive/ESG 팀프로젝트/2. ESG 채점 세트/보고서 3종/SK하이닉스(000660)/000660_2023_business.pdf,406,2,0.005,1,0,1,0.002,"{""scanned_image"": 1}",[4]
000660_2023_governance_report,000660,SK하이닉스,2023,governance_report,/content/drive/MyDrive/ESG 팀프로젝트/2. ESG 채점 세트/보고서 3종/SK하이닉스(000660)/000660_2023_governance.pdf,112,1,0.009,1,0,0,0.0,{},[]
000660_2023_sustainability_report,000660,SK하이닉스,2023,sustainability_report,/content/drive/MyDrive/ESG 팀프로젝트/2. ESG 채점 세트/보고서 3종/SK하이닉스(000660)/000660_2023_sustainability.pdf,116,21,0.181,19,0,2,0.017,"{""vector_curve_text"": 1, ""scanned_image"": 1}","[73, 115]"
000660_2024_business_report,000660,SK하이닉스,2024,business_report,/content/drive/MyDrive/ESG 팀프로젝트/2. ESG 채점 세트/보고서 3종/SK하이닉스(000660)/000660_2024_business.pdf,440,1,0.002,0,0,1,0.002,"{""scanned_image"": 1}",[5]
000660_2024_governance_report,000660,SK하이닉스,2024,governance_report,/content/drive/MyDrive/ESG 팀프로젝트/2. ESG 채점 세트/보고서 3종/SK하이닉스(000660)/000660_2024_governance.pdf,58,0,0.0,0,0,0,0.0,{},[]
000660_2024_sustainability_report,000660,SK하이닉스,2024,sustainability_report,/content/drive/MyDrive/ESG 팀프로젝트/2. ESG 채점 세트/보고서 3종/SK하이닉스(000660)/000660_2024_sustainability.pdf,98,20,0.204,19,0,1,0.01,"{""vector_curve_text"": 1}",[2]
000660_2025_business_report,000660,SK하이닉스,2025,business_report,/content/drive/MyDrive/ESG 팀프로젝트/2. ESG 채점 세트/보고서 3종/SK하이닉스(000660)/000660_2025_business.pdf,414,2,0.005,1,0,1,0.002,"{""scanned_image"": 1}",[5]
000660_2025_governance_report,000660,SK하이닉스,2025,governance_report,/content/drive/MyDrive/ESG 팀프로젝트/2. ESG 채점 세트/보고서 3종/SK하이닉스(000660)/000660_2025_governance.pdf,58,0,0.0,0,0,0,0.0,{},[]
000660_2025_sustainability_report,000660,SK하이닉스,2025,sustainability_report,/content/drive/MyDrive/ESG 팀프로젝트/2. ESG 채점 세트/보고서 3종/SK하이닉스(000660)/000660_2025_sustainability.pdf,89,11,0.124,10,0,1,0.011,"{""vector_curve_text"": 1}",[2]
000500_2022_business_report,000500,가온전선,2022,business_report,/content/drive/MyDrive/ESG 팀프로젝트/2. ESG 채점 세트/보고서 3종/가온전선(000500)/000500_2022_business.pdf,321,2,0.006,0,0,2,0.006,"{""scanned_image"": 2}","[8, 10]"
000500_2022_sustainability_report,000500,가온전선,2022,sustainability_report,/content/drive/MyDrive/ESG 팀프로젝트/2. ESG 채점 세트/보고서 3종/가온전선(000500)/000500_2022_sustainability.pdf,57,13,0.228,10,0,3,0.053,"{""vector_curve_text"": 3}","[1, 19, 24]"
000500_2023_business_report,000500,가온전선,2023,business_report,/content/drive/MyDrive/ESG 팀프로젝트/2. ESG 채점 세트/보고서 3종/가온전선(000500)/000500_2023_business.pdf,317,1,0.003,0,0,1,0.003,"{""scanned_image"": 1}",[4]
000500_2023_sustainability_report,000500,가온전선,2023,sustainability_report,/content/drive/MyDrive/ESG 팀프로젝트/2. ESG 채점 세트/보고서 3종/가온전선(000500)/000500_2023_sustainability.pdf,65,15,0.231,11,0,4,0.062,"{""vector_curve_text"": 2, ""scanned_image"": 2}","[11, 16, 21, 26]"
000500_2024_business_report,000500,가온전선,2024,business_report,/content/drive/MyDrive/ESG 팀프로젝트/2. ESG 채점 세트/보고서 3종/가온전선(000500)/000500_2024_business.pdf,350,1,0.003,0,0,1,0.003,"{""scanned_image"": 1}",[4]
000500_2024_governance_report,000500,가온전선,2024,governance_report,/content/drive/MyDrive/ESG 팀프로젝트/2. ESG 채점 세트/보고서 3종/가온전선(000500)/000500_2024_governance.pdf,50,0,0.0,0,0,0,0.0,{},[]
000500_2024_sustainability_report,000500,가온전선,2024,sustainability_report,/content/drive/MyDrive/ESG 팀프로젝트/2. ESG 채점 세트/보고서 3종/가온전선(000500)/000500_2024_sustainability.pdf,91,13,0.143,4,0,9,0.099,"{""scanned_image"": 5, ""vector_curve_text"": 4}","[1, 2, 5, 6, 7, 8, 9, 10, 11]"
000500_2025_business_report,000500,가온전선,2025,business_report,/content/drive/MyDrive/ESG 팀프로젝트/2. ESG 채점 세트/보고서 3종/가온전선(000500)/000500_2025_business.pdf,318,2,0.006,0,0,2,0.006,"{""scanned_image"": 2}","[6, 8]"
000500_2025_governance_report,000500,가온전선,2025,governance_report,/content/drive/MyDrive/ESG 팀프로젝트/2. ESG 채점 세트/보고서 3종/가온전선(000500)/000500_2025_governance.pdf,55,0,0.0,0,0,0,0.0,{},[]
000500_2025_sustainability_report,000500,가온전선,2025,sustainability_report,/content/drive/MyDrive/ESG 팀프로젝트/2. ESG 채점 세트/보고서 3종/가온전선(000500)/000500_2025_sustainability.pdf,111,34,0.306,29,0,5,0.045,"{""scanned_image"": 1, ""vector_curve_text"": 4}","[1, 6, 9, 26, 77]"
009450_2023_business_report,009450,경동나비엔,2023,business_report,/content/drive/MyDrive/ESG 팀프로젝트/2. ESG 채점 세트/보고서 3종/경동나비엔(009450)/009450_2023_business.pdf,278,2,0.007,0,0,2,0.007,"{""scanned_image"": 2}","[4, 27]"
009450_2023_governance_report,009450,경동나비엔,2023,governance_report,/content/drive/MyDrive/ESG 팀프로젝트/2. ESG 채점 세트/보고서 3종/경동나비엔(009450)/009450_2023_governance.pdf,77,0,0.0,0,0,0,0.0,{},[]
009450_2023_sustainability_report,009450,경동나비엔,2023,sustainability_report,/content/drive/MyDrive/ESG 팀프로젝트/2. ESG 채점 세트/보고서 3종/경동나비엔(009450)/009450_2023_sustainability.pdf,100,31,0.31,9,0,22,0.22,"{""scanned_image"": 14, ""vector_curve_text"": 8}","[1, 2, 4, 11, 12, 15, 19, 20, 21, 22, 23, 25, 26, 27, 28, 32, 39, 45, 66, 67, 96, 97]"
009450_2024_business_report,009450,경동나비엔,2024,business_report,/content/drive/MyDrive/ESG 팀프로젝트/2. ESG 채점 세트/보고서 3종/경동나비엔(009450)/009450_2024_business.pdf,275,2,0.007,0,0,2,0.007,"{""scanned_image"": 2}","[4, 30]"
009450_2024_governance_report,009450,경동나비엔,2024,governance_report,/content/drive/MyDrive/ESG 팀프로젝트/2. ESG 채점 세트/보고서 3종/경동나비엔(009450)/009450_2024_governance.pdf,56,0,0.0,0,0,0,0.0,{},[]
009450_2024_sustainability_report,009450,경동나비엔,2024,sustainability_report,/content/drive/MyDrive/ESG 팀프로젝트/2. ESG 채점 세트/보고서 3종/경동나비엔(009450)/009450_2024_sustainability.pdf,106,19,0.179,11,0,8,0.075,"{""scanned_image"": 3, ""vector_curve_text"": 5}","[1, 7, 12, 16, 17, 18, 19, 86]"
009450_2025_business_report,009450,경동나비엔,2025,business_report,/content/drive/MyDrive/ESG 팀프로젝트/2. ESG 채점 세트/보고서 3종/경동나비엔(009450)/009450_2025_business.pdf,281,1,0.004,0,0,1,0.004,"{""scanned_image"": 1}",[5]
009450_2025_governance_report,009450,경동나비엔,2025,governance_report,/content/drive/MyDrive/ESG 팀프로젝트/2. ESG 채점 세트/보고서 3종/경동나비엔(009450)/009450_2025_governance.pdf,63,0,0.0,0,0,0,0.0,{},[]
009450_2025_sustainability_report,009450,경동나비엔,2025,sustainability_report,/content/drive/MyDrive/ESG 팀프로젝트/2. ESG 채점 세트/보고서 3종/경동나비엔(009450)/009450_2025_sustainability.pdf,109,36,0.33,29,0,7,0.064,"{""scanned_image"": 1, ""vector_curve_text"": 6}","[1, 9, 17, 20, 39, 75, 87]"
017040_2022_business_report,017040,광명전기,2022,business_report,/content/drive/MyDrive/ESG 팀프로젝트/2. ESG 채점 세트/보고서 3종/광명전기(017040)/017040_2022_business.pdf,216,2,0.009,0,0,2,0.009,"{""scanned_image"": 2}","[7, 9]"
017040_2023_business_report,017040,광명전기,2023,business_report,/content/drive/MyDrive/ESG 팀프로젝트/2. ESG 채점 세트/보고서 3종/광명전기(017040)/017040_2023_business.pdf,170,2,0.012,0,0,2,0.012,"{""scanned_image"": 2}","[7, 9]"
017040_2023_sustainability_report,017040,광명전기,2023,sustainability_report,/content/drive/MyDrive/ESG 팀프로젝트/2. ESG 채점 세트/보고서 3종/광명전기(017040)/017040_2023_sustainability.pdf,33,31,0.939,0,0,31,0.939,"{""scanned_image"": 5, ""vector_curve_text"": 26}","[1, 2, 3, 6, 7, 8, 9, 10, 11, 12, 13, 14, 15, 16, 17, 18, 19, 20, 21, 22, 23, 24, 25, 26, 27, 28, 29, 30, 31, 32, 33]"
017040_2024_business_report,017040,광명전기,2024,business_report,/content/drive/MyDrive/ESG 팀프로젝트/2. ESG 채점 세트/보고서 3종/광명전기(017040)/017040_2024_business.pdf,236,2,0.008,0,0,2,0.008,"{""scanned_image"": 2}","[7, 9]"
017040_2024_sustainability_report,017040,광명전기,2024,sustainability_report,/content/drive/MyDrive/ESG 팀프로젝트/2. ESG 채점 세트/보고서 3종/광명전기(017040)/017040_2024_sustainability.pdf,33,31,0.939,0,0,31,0.939,"{""scanned_image"": 4, ""vector_curve_text"": 27}","[1, 2, 4, 6, 7, 8, 9, 10, 11, 12, 13, 14, 15, 16, 17, 18, 19, 20, 21, 22, 23, 24, 25, 26, 27, 28, 29, 30, 31, 32, 33]"
017040_2025_business_report,017040,광명전기,2025,business_report,/content/drive/MyDrive/ESG 팀프로젝트/2. ESG 채점 세트/보고서 3종/광명전기(017040)/017040_2025_business.pdf,188,2,0.011,0,0,2,0.011,"{""scanned_image"": 2}","[8, 10]"
017040_2025_sustainability_report,017040,광명전기,2025,sustainability_report,/content/drive/MyDrive/ESG 팀프로젝트/2. ESG 채점 세트/보고서 3종/광명전기(017040)/017040_2025_sustainability.pdf,38,36,0.947,0,0,36,0.947,"{""scanned_image"": 5, ""vector_curve_text"": 31}","[1, 2, 4, 5, 7, 8, 9, 10, 11, 12, 13, 14, 15, 16, 17, 18, 19, 20, 21, 22, 23, 24, 25, 26, 27, 28, 29, 30, 31, 32, 33, 34, 35, 36, 37, 38]"
033640_2023_business_report,033640,네패스,2023,business_report,/content/drive/MyDrive/ESG 팀프로젝트/2. ESG 채점 세트/보고서 3종/네패스(033640)/033640_2023_business.pdf,267,2,0.007,0,0,2,0.007,"{""scanned_image"": 2}","[4, 242]"
033640_2023_sustainability_report,033640,네패스,2023,sustainability_report,/content/drive/MyDrive/ESG 팀프로젝트/2. ESG 채점 세트/보고서 3종/네패스(033640)/033640_2023_sustainability.pdf,41,31,0.756,1,0,30,0.732,"{""vector_curve_text"": 6, ""scanned_image"": 24}","[1, 2, 6, 8, 9, 10, 11, 12, 13, 16, 17, 18, 19, 20, 21, 22, 23, 24, 25, 26, 27, 28, 29, 30, 31, 32, 33, 34, 35, 36]"
033640_2024_business_report,033640,네패스,2024,business_report,/content/drive/MyDrive/ESG 팀프로젝트/2. ESG 채점 세트/보고서 3종/네패스(033640)/033640_2024_business.pdf,293,2,0.007,0,0,2,0.007,"{""scanned_image"": 2}","[4, 267]"
033640_2025_business_report,033640,네패스,2025,business_report,/content/drive/MyDrive/ESG 팀프로젝트/2. ESG 채점 세트/보고서 3종/네패스(033640)/033640_2025_business.pdf,292,2,0.007,0,0,2,0.007,"{""scanned_image"": 2}","[4, 266]"
033640_2025_sustainability_report,033640,네패스,2025,sustainability_report,/content/drive/MyDrive/ESG 팀프로젝트/2. ESG 채점 세트/보고서 3종/네패스(033640)/033640_2025_sustainability.pdf,41,30,0.732,0,0,30,0.732,"{""scanned_image"": 26, ""vector_curve_text"": 4}","[1, 2, 5, 6, 8, 9, 10, 11, 12, 15, 16, 17, 18, 19, 20, 21, 22, 24, 25, 26, 27, 28, 29, 30, 31, 32, 33, 34, 35, 36]"
353200_2022_business_report,353200,대덕전자,2022,business_report,/content/drive/MyDrive/ESG 팀프로젝트/2. ESG 채점 세트/보고서 3종/대덕전자(353200)/353200_2022_business.pdf,220,1,0.005,0,0,1,0.005,"{""scanned_image"": 1}",[4]
353200_2023_business_report,353200,대덕전자,2023,business_report,/content/drive/MyDrive/ESG 팀프로젝트/2. ESG 채점 세트/보고서 3종/대덕전자(353200)/353200_2023_business.pdf,249,1,0.004,0,0,1,0.004,"{""scanned_image"": 1}",[4]
353200_2023_governance_report,353200,대덕전자,2023,governance_report,/content/drive/MyDrive/ESG 팀프로젝트/2. ESG 채점 세트/보고서 3종/대덕전자(353200)/353200_2023_governance.pdf,52,0,0.0,0,0,0,0.0,{},[]
353200_2024_business_report,353200,대덕전자,2024,business_report,/content/drive/MyDrive/ESG 팀프로젝트/2. ESG 채점 세트/보고서 3종/대덕전자(353200)/353200_2024_business.pdf,273,1,0.004,0,0,1,0.004,"{""scanned_image"": 1}",[4]
353200_2024_governance_report,353200,대덕전자,2024,governance_report,/content/drive/MyDrive/ESG 팀프로젝트/2. ESG 채점 세트/보고서 3종/대덕전자(353200)/353200_2024_governance.pdf,41,0,0.0,0,0,0,0.0,{},[]
353200_2025_business_report,353200,대덕전자,2025,business_report,/content/drive/MyDrive/ESG 팀프로젝트/2. ESG 채점 세트/보고서 3종/대덕전자(353200)/353200_2025_business.pdf,238,1,0.004,0,0,1,0.004,"{""scanned_image"": 1}",[5]
353200_2025_governance_report,353200,대덕전자,2025,governance_report,/content/drive/MyDrive/ESG 팀프로젝트/2. ESG 채점 세트/보고서 3종/대덕전자(353200)/353200_2025_governance.pdf,43,0,0.0,0,0,0,0.0,{},[]
078600_2024_business_report,078600,대주전자재료,2024,business_report,/content/drive/MyDrive/ESG 팀프로젝트/2. ESG 채점 세트/보고서 3종/대주전자재료(078600)/078600_2024_business.pdf,257,1,0.004,0,0,1,0.004,"{""scanned_image"": 1}",[4]
078600_2024_sustainability_report,078600,대주전자재료,2024,sustainability_report,/content/drive/MyDrive/ESG 팀프로젝트/2. ESG 채점 세트/보고서 3종/대주전자재료(078600)/078600_2024_sustainability.pdf,92,0,0.0,0,0,0,0.0,{},[]
078600_2025_business_report,078600,대주전자재료,2025,business_report,/content/drive/MyDrive/ESG 팀프로젝트/2. ESG 채점 세트/보고서 3종/대주전자재료(078600)/078600_2025_business.pdf,236,1,0.004,0,0,1,0.004,"{""scanned_image"": 1}",[4]
078600_2025_sustainability_report,078600,대주전자재료,2025,sustainability_report,/content/drive/MyDrive/ESG 팀프로젝트/2. ESG 채점 세트/보고서 3종/대주전자재료(078600)/078600_2025_sustainability.pdf,90,0,0.0,0,0,0,0.0,{},[]
001440_2022_business_report,001440,대한전선,2022,business_report,/content/drive/MyDrive/ESG 팀프로젝트/2. ESG 채점 세트/보고서 3종/대한전선(001440)/001440_2022_business.pdf,290,1,0.003,0,0,1,0.003,"{""scanned_image"": 1}",[4]
001440_2022_governance_report,001440,대한전선,2022,governance_report,/content/drive/MyDrive/ESG 팀프로젝트/2. ESG 채점 세트/보고서 3종/대한전선(001440)/001440_2022_governance.pdf,51,0,0.0,0,0,0,0.0,{},[]
001440_2022_sustainability_report,001440,대한전선,2022,sustainability_report,/content/drive/MyDrive/ESG 팀프로젝트/2. ESG 채점 세트/보고서 3종/대한전선(001440)/001440_2022_sustainability.pdf,54,51,0.944,0,0,51,0.944,"{""scanned_image"": 51}","[1, 2, 3, 4, 5, 6, 7, 8, 9, 11, 12, 13, 14, 15, 16, 17, 18, 19, 20, 21, 22, 23, 24, 25, 26, 28, 29, 30, 31, 32, 33, 34, 35, 36, 37, 38, 39, 40, 41, 42, 43, 44, 46, 47, 48, 49, 50, 51, 52, 53, 54]"
001440_2023_business_report,001440,대한전선,2023,business_report,/content/drive/MyDrive/ESG 팀프로젝트/2. ESG 채점 세트/보고서 3종/대한전선(001440)/001440_2023_business.pdf,298,1,0.003,0,0,1,0.003,"{""scanned_image"": 1}",[4]
001440_2023_governance_report,001440,대한전선,2023,governance_report,/content/drive/MyDrive/ESG 팀프로젝트/2. ESG 채점 세트/보고서 3종/대한전선(001440)/001440_2023_governance.pdf,53,0,0.0,0,0,0,0.0,{},[]
001440_2023_sustainability_report,001440,대한전선,2023,sustainability_report,/content/drive/MyDrive/ESG 팀프로젝트/2. ESG 채점 세트/보고서 3종/대한전선(001440)/001440_2023_sustainability.pdf,62,59,0.952,0,0,59,0.952,"{""scanned_image"": 59}","[1, 2, 3, 4, 5, 6, 7, 8, 9, 11, 12, 13, 14, 15, 16, 17, 18, 19, 20, 21, 22, 23, 24, 25, 26, 27, 29, 30, 31, 32, 33, 34, 35, 36, 37, 38, 39, 40, 41, 42, 43, 44, 45, 46, 47, 48, 50, 51, 52, 53, 54, 55, 56, 57, 58, 59, 60, 61, 62]"
001440_2024_business_report,001440,대한전선,2024,business_report,/content/drive/MyDrive/ESG 팀프로젝트/2. ESG 채점 세트/보고서 3종/대한전선(001440)/001440_2024_business.pdf,314,1,0.003,0,0,1,0.003,"{""scanned_image"": 1}",[4]
001440_2024_governance_report,001440,대한전선,2024,governance_report,/content/drive/MyDrive/ESG 팀프로젝트/2. ESG 채점 세트/보고서 3종/대한전선(001440)/001440_2024_governance.pdf,49,0,0.0,0,0,0,0.0,{},[]
001440_2024_sustainability_report,001440,대한전선,2024,sustainability_report,/content/drive/MyDrive/ESG 팀프로젝트/2. ESG 채점 세트/보고서 3종/대한전선(001440)/001440_2024_sustainability.pdf,61,58,0.951,0,0,58,0.951,"{""scanned_image"": 57, ""vector_curve_text"": 1}","[1, 2, 3, 4, 5, 6, 7, 8, 9, 10, 12, 13, 14, 15, 16, 17, 18, 19, 20, 21, 22, 23, 24, 25, 26, 27, 28, 30, 31, 32, 33, 34, 35, 36, 37, 38, 39, 40, 41, 42, 43, 44, 45, 46, 47, 48, 50, 51, 52, 53, 54, 55, 56, 57, 58, 59, 60, 61]"
001440_2025_business_report,001440,대한전선,2025,business_report,/content/drive/MyDrive/ESG 팀프로젝트/2. ESG 채점 세트/보고서 3종/대한전선(001440)/001440_2025_business.pdf,437,2,0.005,0,0,2,0.005,"{""scanned_image"": 2}","[116, 118]"
001440_2025_governance_report,001440,대한전선,2025,governance_report,/content/drive/MyDrive/ESG 팀프로젝트/2. ESG 채점 세트/보고서 3종/대한전선(001440)/001440_2025_governance.pdf,55,0,0.0,0,0,0,0.0,{},[]
001440_2025_sustainability_report,001440,대한전선,2025,sustainability_report,/content/drive/MyDrive/ESG 팀프로젝트/2. ESG 채점 세트/보고서 3종/대한전선(001440)/001440_2025_sustainability.pdf,59,19,0.322,4,0,15,0.254,"{""scanned_image"": 8, ""vector_curve_text"": 7}","[1, 3, 4, 8, 9, 10, 11, 12, 13, 16, 26, 39, 47, 57, 59]"
393890_2024_business_report,393890,더블유씨피,2024,business_report,/content/drive/MyDrive/ESG 팀프로젝트/2. ESG 채점 세트/보고서 3종/더블유씨피(393890)/393890_2024_business.pdf,279,2,0.007,0,0,2,0.007,"{""scanned_image"": 2}","[4, 275]"
393890_2025_sustainability_report,393890,더블유씨피,2025,sustainability_report,/content/drive/MyDrive/ESG 팀프로젝트/2. ESG 채점 세트/보고서 3종/더블유씨피(393890)/393890_2025_sustainability.pdf,81,2,0.025,0,0,2,0.025,"{""vector_curve_text"": 2}","[1, 81]"
213420_2022_business_report,213420,덕산네오룩스,2022,business_report,/content/drive/MyDrive/ESG 팀프로젝트/2. ESG 채점 세트/보고서 3종/덕산네오룩스(213420)/213420_2022_business.pdf,182,4,0.022,0,0,4,0.022,"{""scanned_image"": 4}","[4, 173, 174, 175]"
213420_2022_sustainability_report,213420,덕산네오룩스,2022,sustainability_report,/content/drive/MyDrive/ESG 팀프로젝트/2. ESG 채점 세트/보고서 3종/덕산네오룩스(213420)/213420_2022_sustainability.pdf,43,22,0.512,0,0,22,0.512,"{""scanned_image"": 13, ""vector_curve_text"": 9}","[4, 5, 6, 7, 9, 10, 11, 12, 13, 14, 15, 16, 17, 18, 19, 22, 23, 25, 28, 30, 41, 42]"
213420_2023_business_report,213420,덕산네오룩스,2023,business_report,/content/drive/MyDrive/ESG 팀프로젝트/2. ESG 채점 세트/보고서 3종/덕산네오룩스(213420)/213420_2023_business.pdf,255,3,0.012,0,0,3,0.012,"{""scanned_image"": 3}","[25, 27, 248]"
213420_2023_sustainability_report,213420,덕산네오룩스,2023,sustainability_report,/content/drive/MyDrive/ESG 팀프로젝트/2. ESG 채점 세트/보고서 3종/덕산네오룩스(213420)/213420_2023_sustainability.pdf,78,16,0.205,2,0,14,0.179,"{""scanned_image"": 7, ""vector_curve_text"": 7}","[1, 2, 5, 6, 7, 8, 14, 19, 28, 29, 46, 68, 76, 77]"
213420_2024_business_report,213420,덕산네오룩스,2024,business_report,/content/drive/MyDrive/ESG 팀프로젝트/2. ESG 채점 세트/보고서 3종/덕산네오룩스(213420)/213420_2024_business.pdf,234,2,0.009,0,0,2,0.009,"{""scanned_image"": 2}","[4, 31]"
213420_2024_sustainability_report,213420,덕산네오룩스,2024,sustainability_report,/content/drive/MyDrive/ESG 팀프로젝트/2. ESG 채점 세트/보고서 3종/덕산네오룩스(213420)/213420_2024_sustainability.pdf,70,29,0.414,0,0,29,0.414,"{""scanned_image"": 19, ""vector_curve_text"": 10}","[1, 4, 5, 6, 7, 12, 16, 17, 18, 19, 20, 22, 25, 28, 29, 30, 33, 35, 36, 37, 40, 41, 46, 49, 61, 65, 66, 69, 70]"
213420_2025_business_report,213420,덕산네오룩스,2025,business_report,/content/drive/MyDrive/ESG 팀프로젝트/2. ESG 채점 세트/보고서 3종/덕산네오룩스(213420)/213420_2025_business.pdf,223,1,0.004,0,0,1,0.004,"{""scanned_image"": 1}",[4]
213420_2025_sustainability_report,213420,덕산네오룩스,2025,sustainability_report,/content/drive/MyDrive/ESG 팀프로젝트/2. ESG 채점 세트/보고서 3종/덕산네오룩스(213420)/213420_2025_sustainability.pdf,72,11,0.153,0,0,11,0.153,"{""scanned_image"": 11}","[1, 2, 4, 5, 9, 17, 24, 52, 64, 68, 72]"
336260_2022_business_report,336260,두산퓨얼셀,2022,business_report,/content/drive/MyDrive/ESG 팀프로젝트/2. ESG 채점 세트/보고서 3종/두산퓨얼셀(336260)/336260_2022_business.pdf,192,1,0.005,0,0,1,0.005,"{""scanned_image"": 1}",[4]
336260_2022_sustainability_report,336260,두산퓨얼셀,2022,sustainability_report,/content/drive/MyDrive/ESG 팀프로젝트/2. ESG 채점 세트/보고서 3종/두산퓨얼셀(336260)/336260_2022_sustainability.pdf,47,15,0.319,13,0,2,0.043,"{""scanned_image"": 2}","[1, 2]"
336260_2023_business_report,336260,두산퓨얼셀,2023,business_report,/content/drive/MyDrive/ESG 팀프로젝트/2. ESG 채점 세트/보고서 3종/두산퓨얼셀(336260)/336260_2023_business.pdf,205,1,0.005,0,0,1,0.005,"{""scanned_image"": 1}",[4]
336260_2023_governance_report,336260,두산퓨얼셀,2023,governance_report,/content/drive/MyDrive/ESG 팀프로젝트/2. ESG 채점 세트/보고서 3종/두산퓨얼셀(336260)/336260_2023_governance.pdf,75,61,0.813,35,0,26,0.347,"{""scanned_image"": 26}","[5, 7, 11, 13, 14, 15, 16, 19, 22, 25, 26, 28, 31, 39, 41, 43, 48, 49, 51, 53, 56, 58, 61, 66, 68, 70]"
336260_2023_sustainability_report,336260,두산퓨얼셀,2023,sustainability_report,/content/drive/MyDrive/ESG 팀프로젝트/2. ESG 채점 세트/보고서 3종/두산퓨얼셀(336260)/336260_2023_sustainability.pdf,98,11,0.112,0,0,11,0.112,"{""scanned_image"": 7, ""vector_curve_text"": 4}","[1, 4, 13, 15, 17, 19, 21, 22, 83, 96, 97]"
336260_2024_business_report,336260,두산퓨얼셀,2024,business_report,/content/drive/MyDrive/ESG 팀프로젝트/2. ESG 채점 세트/보고서 3종/두산퓨얼셀(336260)/336260_2024_business.pdf,218,1,0.005,0,0,1,0.005,"{""scanned_image"": 1}",[4]
336260_2024_governance_report,336260,두산퓨얼셀,2024,governance_report,/content/drive/MyDrive/ESG 팀프로젝트/2. ESG 채점 세트/보고서 3종/두산퓨얼셀(336260)/336260_2024_governance.pdf,46,0,0.0,0,0,0,0.0,{},[]
336260_2024_sustainability_report,336260,두산퓨얼셀,2024,sustainability_report,/content/drive/MyDrive/ESG 팀프로젝트/2. ESG 채점 세트/보고서 3종/두산퓨얼셀(336260)/336260_2024_sustainability.pdf,116,22,0.19,15,0,7,0.06,"{""scanned_image"": 7}","[1, 4, 14, 24, 36, 48, 94]"
336260_2025_business_report,336260,두산퓨얼셀,2025,business_report,/content/drive/MyDrive/ESG 팀프로젝트/2. ESG 채점 세트/보고서 3종/두산퓨얼셀(336260)/336260_2025_business.pdf,289,1,0.003,0,0,1,0.003,"{""scanned_image"": 1}",[5]
336260_2025_governance_report,336260,두산퓨얼셀,2025,governance_report,/content/drive/MyDrive/ESG 팀프로젝트/2. ESG 채점 세트/보고서 3종/두산퓨얼셀(336260)/336260_2025_governance.pdf,52,0,0.0,0,0,0,0.0,{},[]
336260_2025_sustainability_report,336260,두산퓨얼셀,2025,sustainability_report,/content/drive/MyDrive/ESG 팀프로젝트/2. ESG 채점 세트/보고서 3종/두산퓨얼셀(336260)/336260_2025_sustainability.pdf,124,26,0.21,20,0,6,0.048,"{""vector_curve_text"": 5, ""scanned_image"": 1}","[1, 3, 4, 14, 20, 41]"
192650_2024_business_report,192650,드림텍,2024,business_report,/content/drive/MyDrive/ESG 팀프로젝트/2. ESG 채점 세트/보고서 3종/드림텍(192650)/192650_2024_business.pdf,285,2,0.007,1,0,1,0.004,"{""scanned_image"": 1}",[4]
192650_2024_governance_report,192650,드림텍,2024,governance_report,/content/drive/MyDrive/ESG 팀프로젝트/2. ESG 채점 세트/보고서 3종/드림텍(192650)/192650_2024_governance.pdf,51,6,0.118,0,0,6,0.118,"{""scanned_image"": 6}","[16, 31, 32, 33, 34, 47]"
192650_2025_business_report,192650,드림텍,2025,business_report,/content/drive/MyDrive/ESG 팀프로젝트/2. ESG 채점 세트/보고서 3종/드림텍(192650)/192650_2025_business.pdf,266,4,0.015,1,0,3,0.011,"{""scanned_image"": 3}","[9, 11, 30]"
192650_2025_governance_report,192650,드림텍,2025,governance_report,/content/drive/MyDrive/ESG 팀프로젝트/2. ESG 채점 세트/보고서 3종/드림텍(192650)/192650_2025_governance.pdf,50,2,0.04,0,0,2,0.04,"{""scanned_image"": 2}","[17, 45]"
192650_2025_sustainability_report,192650,드림텍,2025,sustainability_report,/content/drive/MyDrive/ESG 팀프로젝트/2. ESG 채점 세트/보고서 3종/드림텍(192650)/192650_2025_sustainability.pdf,72,12,0.167,9,0,3,0.042,"{""scanned_image"": 3}","[1, 11, 58]"
020150_2022_business_report,020150,롯데에너지머티리얼즈,2022,business_report,/content/drive/MyDrive/ESG 팀프로젝트/2. ESG 채점 세트/보고서 3종/롯데에너지머티리얼즈(020150)/020150_2022_business.pdf,259,1,0.004,0,0,1,0.004,"{""scanned_image"": 1}",[4]
020150_2022_governance_report,020150,롯데에너지머티리얼즈,2022,governance_report,/content/drive/MyDrive/ESG 팀프로젝트/2. ESG 채점 세트/보고서 3종/롯데에너지머티리얼즈(020150)/020150_2022_governance.pdf,78,0,0.0,0,0,0,0.0,{},[]
020150_2023_business_report,020150,롯데에너지머티리얼즈,2023,business_report,/content/drive/MyDrive/ESG 팀프로젝트/2. ESG 채점 세트/보고서 3종/롯데에너지머티리얼즈(020150)/020150_2023_business.pdf,259,1,0.004,0,0,1,0.004,"{""scanned_image"": 1}",[4]
020150_2023_governance_report,020150,롯데에너지머티리얼즈,2023,governance_report,/content/drive/MyDrive/ESG 팀프로젝트/2. ESG 채점 세트/보고서 3종/롯데에너지머티리얼즈(020150)/020150_2023_governance.pdf,78,0,0.0,0,0,0,0.0,{},[]
020150_2024_business_report,020150,롯데에너지머티리얼즈,2024,business_report,/content/drive/MyDrive/ESG 팀프로젝트/2. ESG 채점 세트/보고서 3종/롯데에너지머티리얼즈(020150)/020150_2024_business.pdf,304,1,0.003,0,0,1,0.003,"{""scanned_image"": 1}",[4]
020150_2024_governance_report,020150,롯데에너지머티리얼즈,2024,governance_report,/content/drive/MyDrive/ESG 팀프로젝트/2. ESG 채점 세트/보고서 3종/롯데에너지머티리얼즈(020150)/020150_2024_governance.pdf,54,3,0.056,0,0,3,0.056,"{""scanned_image"": 3}","[15, 22, 48]"
020150_2024_sustainability_report,020150,롯데에너지머티리얼즈,2024,sustainability_report,/content/drive/MyDrive/ESG 팀프로젝트/2. ESG 채점 세트/보고서 3종/롯데에너지머티리얼즈(020150)/020150_2024_sustainability.pdf,70,7,0.1,5,0,2,0.029,"{""scanned_image"": 2}","[1, 5]"
020150_2025_business_report,020150,롯데에너지머티리얼즈,2025,business_report,/content/drive/MyDrive/ESG 팀프로젝트/2. ESG 채점 세트/보고서 3종/롯데에너지머티리얼즈(020150)/020150_2025_business.pdf,326,1,0.003,0,0,1,0.003,"{""scanned_image"": 1}",[6]
020150_2025_governance_report,020150,롯데에너지머티리얼즈,2025,governance_report,/content/drive/MyDrive/ESG 팀프로젝트/2. ESG 채점 세트/보고서 3종/롯데에너지머티리얼즈(020150)/020150_2025_governance.pdf,57,5,0.088,0,0,5,0.088,"{""scanned_image"": 5}","[13, 16, 23, 51, 52]"
020150_2025_sustainability_report,020150,롯데에너지머티리얼즈,2025,sustainability_report,/content/drive/MyDrive/ESG 팀프로젝트/2. ESG 채점 세트/보고서 3종/롯데에너지머티리얼즈(020150)/020150_2025_sustainability.pdf,102,10,0.098,10,0,0,0.0,{},[]
090460_2024_business_report,090460,비에이치,2024,business_report,/content/drive/MyDrive/ESG 팀프로젝트/2. ESG 채점 세트/보고서 3종/비에이치(090460)/090460_2024_business.pdf,329,1,0.003,0,0,1,0.003,"{""scanned_image"": 1}",[4]
090460_2024_governance_report,090460,비에이치,2024,governance_report,/content/drive/MyDrive/ESG 팀프로젝트/2. ESG 채점 세트/보고서 3종/비에이치(090460)/090460_2024_governance.pdf,47,2,0.043,0,0,2,0.043,"{""scanned_image"": 2}","[17, 33]"
090460_2024_sustainability_report,090460,비에이치,2024,sustainability_report,/content/drive/MyDrive/ESG 팀프로젝트/2. ESG 채점 세트/보고서 3종/비에이치(090460)/090460_2024_sustainability.pdf,116,41,0.353,11,0,30,0.259,"{""scanned_image"": 30}","[1, 6, 10, 13, 33, 35, 36, 37, 38, 40, 47, 70, 71, 72, 73, 74, 75, 76, 77, 78, 79, 80, 88, 102, 103, 104, 105, 106, 108, 109]"
090460_2025_business_report,090460,비에이치,2025,business_report,/content/drive/MyDrive/ESG 팀프로젝트/2. ESG 채점 세트/보고서 3종/비에이치(090460)/090460_2025_business.pdf,316,2,0.006,0,0,2,0.006,"{""scanned_image"": 2}","[5, 7]"
090460_2025_governance_report,090460,비에이치,2025,governance_report,/content/drive/MyDrive/ESG 팀프로젝트/2. ESG 채점 세트/보고서 3종/비에이치(090460)/090460_2025_governance.pdf,47,2,0.043,0,0,2,0.043,"{""scanned_image"": 2}","[17, 33]"
090460_2025_sustainability_report,090460,비에이치,2025,sustainability_report,/content/drive/MyDrive/ESG 팀프로젝트/2. ESG 채점 세트/보고서 3종/비에이치(090460)/090460_2025_sustainability.pdf,132,36,0.273,22,0,14,0.106,"{""scanned_image"": 14}","[4, 5, 16, 25, 26, 49, 65, 71, 75, 79, 95, 98, 99, 132]"
006400_2022_business_report,006400,삼성SDI,2022,business_report,/content/drive/MyDrive/ESG 팀프로젝트/2. ESG 채점 세트/보고서 3종/삼성SDI(006400)/006400_2022_business.pdf,310,1,0.003,0,0,1,0.003,"{""scanned_image"": 1}",[4]
006400_2022_governance_report,006400,삼성SDI,2022,governance_report,/content/drive/MyDrive/ESG 팀프로젝트/2. ESG 채점 세트/보고서 3종/삼성SDI(006400)/006400_2022_governance.pdf,90,1,0.011,0,0,1,0.011,"{""scanned_image"": 1}",[37]
006400_2022_sustainability_report,006400,삼성SDI,2022,sustainability_report,/content/drive/MyDrive/ESG 팀프로젝트/2. ESG 채점 세트/보고서 3종/삼성SDI(006400)/006400_2022_sustainability.pdf,99,26,0.263,20,0,6,0.061,"{""scanned_image"": 6}","[1, 3, 10, 13, 21, 78]"
006400_2023_business_report,006400,삼성SDI,2023,business_report,/content/drive/MyDrive/ESG 팀프로젝트/2. ESG 채점 세트/보고서 3종/삼성SDI(006400)/006400_2023_business.pdf,270,2,0.007,0,0,2,0.007,"{""scanned_image"": 2}","[5, 7]"
006400_2023_governance_report,006400,삼성SDI,2023,governance_report,/content/drive/MyDrive/ESG 팀프로젝트/2. ESG 채점 세트/보고서 3종/삼성SDI(006400)/006400_2023_governance.pdf,94,0,0.0,0,0,0,0.0,{},[]
006400_2023_sustainability_report,006400,삼성SDI,2023,sustainability_report,/content/drive/MyDrive/ESG 팀프로젝트/2. ESG 채점 세트/보고서 3종/삼성SDI(006400)/006400_2023_sustainability.pdf,110,1,0.009,1,0,0,0.0,{},[]
006400_2024_business_report,006400,삼성SDI,2024,business_report,/content/drive/MyDrive/ESG 팀프로젝트/2. ESG 채점 세트/보고서 3종/삼성SDI(006400)/006400_2024_business.pdf,292,1,0.003,0,0,1,0.003,"{""scanned_image"": 1}",[5]
006400_2024_governance_report,006400,삼성SDI,2024,governance_report,/content/drive/MyDrive/ESG 팀프로젝트/2. ESG 채점 세트/보고서 3종/삼성SDI(006400)/006400_2024_governance.pdf,52,0,0.0,0,0,0,0.0,{},[]
006400_2024_sustainability_report,006400,삼성SDI,2024,sustainability_report,/content/drive/MyDrive/ESG 팀프로젝트/2. ESG 채점 세트/보고서 3종/삼성SDI(006400)/006400_2024_sustainability.pdf,115,3,0.026,0,0,3,0.026,"{""scanned_image"": 3}","[25, 37, 78]"
006400_2025_business_report,006400,삼성SDI,2025,business_report,/content/drive/MyDrive/ESG 팀프로젝트/2. ESG 채점 세트/보고서 3종/삼성SDI(006400)/006400_2025_business.pdf,336,1,0.003,0,0,1,0.003,"{""scanned_image"": 1}",[5]
006400_2025_governance_report,006400,삼성SDI,2025,governance_report,/content/drive/MyDrive/ESG 팀프로젝트/2. ESG 채점 세트/보고서 3종/삼성SDI(006400)/006400_2025_governance.pdf,57,0,0.0,0,0,0,0.0,{},[]
006400_2025_sustainability_report,006400,삼성SDI,2025,sustainability_report,/content/drive/MyDrive/ESG 팀프로젝트/2. ESG 채점 세트/보고서 3종/삼성SDI(006400)/006400_2025_sustainability.pdf,139,19,0.137,10,0,9,0.065,"{""scanned_image"": 8, ""vector_curve_text"": 1}","[1, 4, 16, 31, 49, 66, 91, 111, 139]"
009150_2022_business_report,009150,삼성전기,2022,business_report,/content/drive/MyDrive/ESG 팀프로젝트/2. ESG 채점 세트/보고서 3종/삼성전기(009150)/009150_2022_business.pdf,359,1,0.003,0,0,1,0.003,"{""scanned_image"": 1}",[4]
009150_2022_governance_report,009150,삼성전기,2022,governance_report,/content/drive/MyDrive/ESG 팀프로젝트/2. ESG 채점 세트/보고서 3종/삼성전기(009150)/009150_2022_governance.pdf,85,0,0.0,0,0,0,0.0,{},[]
009150_2022_sustainability_report,009150,삼성전기,2022,sustainability_report,/content/drive/MyDrive/ESG 팀프로젝트/2. ESG 채점 세트/보고서 3종/삼성전기(009150)/009150_2022_sustainability.pdf,119,10,0.084,6,0,4,0.034,"{""vector_curve_text"": 2, ""scanned_image"": 2}","[1, 20, 23, 46]"
009150_2023_business_report,009150,삼성전기,2023,business_report,/content/drive/MyDrive/ESG 팀프로젝트/2. ESG 채점 세트/보고서 3종/삼성전기(009150)/009150_2023_business.pdf,365,1,0.003,0,0,1,0.003,"{""scanned_image"": 1}",[4]
009150_2023_governance_report,009150,삼성전기,2023,governance_report,/content/drive/MyDrive/ESG 팀프로젝트/2. ESG 채점 세트/보고서 3종/삼성전기(009150)/009150_2023_governance.pdf,86,0,0.0,0,0,0,0.0,{},[]
009150_2023_sustainability_report,009150,삼성전기,2023,sustainability_report,/content/drive/MyDrive/ESG 팀프로젝트/2. ESG 채점 세트/보고서 3종/삼성전기(009150)/009150_2023_sustainability.pdf,146,22,0.151,22,0,0,0.0,{},[]
009150_2024_business_report,009150,삼성전기,2024,business_report,/content/drive/MyDrive/ESG 팀프로젝트/2. ESG 채점 세트/보고서 3종/삼성전기(009150)/009150_2024_business.pdf,426,2,0.005,0,0,2,0.005,"{""scanned_image"": 2}","[46, 48]"
009150_2024_governance_report,009150,삼성전기,2024,governance_report,/content/drive/MyDrive/ESG 팀프로젝트/2. ESG 채점 세트/보고서 3종/삼성전기(009150)/009150_2024_governance.pdf,48,0,0.0,0,0,0,0.0,{},[]
009150_2024_sustainability_report,009150,삼성전기,2024,sustainability_report,/content/drive/MyDrive/ESG 팀프로젝트/2. ESG 채점 세트/보고서 3종/삼성전기(009150)/009150_2024_sustainability.pdf,134,4,0.03,4,0,0,0.0,{},[]
009150_2025_business_report,009150,삼성전기,2025,business_report,/content/drive/MyDrive/ESG 팀프로젝트/2. ESG 채점 세트/보고서 3종/삼성전기(009150)/009150_2025_business.pdf,348,1,0.003,0,0,1,0.003,"{""scanned_image"": 1}",[5]
009150_2025_governance_report,009150,삼성전기,2025,governance_report,/content/drive/MyDrive/ESG 팀프로젝트/2. ESG 채점 세트/보고서 3종/삼성전기(009150)/009150_2025_governance.pdf,51,0,0.0,0,0,0,0.0,{},[]
009150_2025_sustainability_report,009150,삼성전기,2025,sustainability_report,/content/drive/MyDrive/ESG 팀프로젝트/2. ESG 채점 세트/보고서 3종/삼성전기(009150)/009150_2025_sustainability.pdf,136,8,0.059,0,0,8,0.059,"{""scanned_image"": 8}","[1, 11, 19, 43, 44, 55, 85, 105]"
005930_2022_business_report,005930,삼성전자,2022,business_report,/content/drive/MyDrive/ESG 팀프로젝트/2. ESG 채점 세트/보고서 3종/삼성전자(005930)/005930_2022_business.pdf,569,1,0.002,0,0,1,0.002,"{""scanned_image"": 1}",[4]
005930_2022_sustainability_report,005930,삼성전자,2022,sustainability_report,/content/drive/MyDrive/ESG 팀프로젝트/2. ESG 채점 세트/보고서 3종/삼성전자(005930)/005930_2022_sustainability.pdf,111,20,0.18,19,0,1,0.009,"{""scanned_image"": 1}",[1]
005930_2023_business_report,005930,삼성전자,2023,business_report,/content/drive/MyDrive/ESG 팀프로젝트/2. ESG 채점 세트/보고서 3종/삼성전자(005930)/005930_2023_business.pdf,577,1,0.002,0,0,1,0.002,"{""scanned_image"": 1}",[4]
005930_2023_sustainability_report,005930,삼성전자,2023,sustainability_report,/content/drive/MyDrive/ESG 팀프로젝트/2. ESG 채점 세트/보고서 3종/삼성전자(005930)/005930_2023_sustainability.pdf,129,19,0.147,18,0,1,0.008,"{""vector_curve_text"": 1}",[1]
005930_2024_business_report,005930,삼성전자,2024,business_report,/content/drive/MyDrive/ESG 팀프로젝트/2. ESG 채점 세트/보고서 3종/삼성전자(005930)/005930_2024_business.pdf,540,2,0.004,0,0,2,0.004,"{""scanned_image"": 1, ""vector_curve_text"": 1}","[5, 254]"
005930_2024_sustainability_report,005930,삼성전자,2024,sustainability_report,/content/drive/MyDrive/ESG 팀프로젝트/2. ESG 채점 세트/보고서 3종/삼성전자(005930)/005930_2024_sustainability.pdf,83,2,0.024,2,0,0,0.0,{},[]
005930_2025_business_report,005930,삼성전자,2025,business_report,/content/drive/MyDrive/ESG 팀프로젝트/2. ESG 채점 세트/보고서 3종/삼성전자(005930)/005930_2025_business.pdf,527,3,0.006,0,0,3,0.006,"{""scanned_image"": 2, ""vector_curve_text"": 1}","[5, 53, 159]"
005930_2025_sustainability_report,005930,삼성전자,2025,sustainability_report,/content/drive/MyDrive/ESG 팀프로젝트/2. ESG 채점 세트/보고서 3종/삼성전자(005930)/005930_2025_sustainability.pdf,87,10,0.115,9,0,1,0.011,"{""vector_curve_text"": 1}",[43]
005680_2024_business_report,005680,삼영전자공업,2024,business_report,/content/drive/MyDrive/ESG 팀프로젝트/2. ESG 채점 세트/보고서 3종/삼영전자공업(005680)/005680_2024_business.pdf,194,1,0.005,0,0,1,0.005,"{""scanned_image"": 1}",[4]
005680_2024_governance_report,005680,삼영전자공업,2024,governance_report,/content/drive/MyDrive/ESG 팀프로젝트/2. ESG 채점 세트/보고서 3종/삼영전자공업(005680)/005680_2024_governance.pdf,40,0,0.0,0,0,0,0.0,{},[]
005680_2025_business_report,005680,삼영전자공업,2025,business_report,/content/drive/MyDrive/ESG 팀프로젝트/2. ESG 채점 세트/보고서 3종/삼영전자공업(005680)/005680_2025_business.pdf,161,2,0.012,0,0,2,0.012,"{""scanned_image"": 2}","[4, 6]"
005680_2025_governance_report,005680,삼영전자공업,2025,governance_report,/content/drive/MyDrive/ESG 팀프로젝트/2. ESG 채점 세트/보고서 3종/삼영전자공업(005680)/005680_2025_governance.pdf,41,0,0.0,0,0,0,0.0,{},[]
004490_2022_business_report,004490,세방전지,2022,business_report,/content/drive/MyDrive/ESG 팀프로젝트/2. ESG 채점 세트/보고서 3종/세방전지(004490)/004490_2022_business.pdf,212,2,0.009,0,0,2,0.009,"{""scanned_image"": 2}","[4, 203]"
004490_2022_governance_report,004490,세방전지,2022,governance_report,/content/drive/MyDrive/ESG 팀프로젝트/2. ESG 채점 세트/보고서 3종/세방전지(004490)/004490_2022_governance.pdf,69,1,0.014,0,0,1,0.014,"{""scanned_image"": 1}",[69]
004490_2022_sustainability_report,004490,세방전지,2022,sustainability_report,/content/drive/MyDrive/ESG 팀프로젝트/2. ESG 채점 세트/보고서 3종/세방전지(004490)/004490_2022_sustainability.pdf,80,23,0.287,13,0,10,0.125,"{""vector_curve_text"": 3, ""scanned_image"": 7}","[9, 14, 15, 16, 17, 30, 35, 43, 52, 80]"
004490_2023_business_report,004490,세방전지,2023,business_report,/content/drive/MyDrive/ESG 팀프로젝트/2. ESG 채점 세트/보고서 3종/세방전지(004490)/004490_2023_business.pdf,276,2,0.007,0,0,2,0.007,"{""scanned_image"": 2}","[4, 266]"
004490_2023_governance_report,004490,세방전지,2023,governance_report,/content/drive/MyDrive/ESG 팀프로젝트/2. ESG 채점 세트/보고서 3종/세방전지(004490)/004490_2023_governance.pdf,69,1,0.014,0,0,1,0.014,"{""scanned_image"": 1}",[28]
004490_2023_sustainability_report,004490,세방전지,2023,sustainability_report,/content/drive/MyDrive/ESG 팀프로젝트/2. ESG 채점 세트/보고서 3종/세방전지(004490)/004490_2023_sustainability.pdf,77,20,0.26,15,0,5,0.065,"{""vector_curve_text"": 1, ""scanned_image"": 4}","[2, 4, 14, 54, 61]"
004490_2024_business_report,004490,세방전지,2024,business_report,/content/drive/MyDrive/ESG 팀프로젝트/2. ESG 채점 세트/보고서 3종/세방전지(004490)/004490_2024_business.pdf,242,2,0.008,0,0,2,0.008,"{""scanned_image"": 2}","[4, 232]"
004490_2024_governance_report,004490,세방전지,2024,governance_report,/content/drive/MyDrive/ESG 팀프로젝트/2. ESG 채점 세트/보고서 3종/세방전지(004490)/004490_2024_governance.pdf,48,0,0.0,0,0,0,0.0,{},[]
004490_2024_sustainability_report,004490,세방전지,2024,sustainability_report,/content/drive/MyDrive/ESG 팀프로젝트/2. ESG 채점 세트/보고서 3종/세방전지(004490)/004490_2024_sustainability.pdf,82,16,0.195,10,0,6,0.073,"{""vector_curve_text"": 2, ""scanned_image"": 4}","[2, 3, 4, 13, 18, 67]"
004490_2025_business_report,004490,세방전지,2025,business_report,/content/drive/MyDrive/ESG 팀프로젝트/2. ESG 채점 세트/보고서 3종/세방전지(004490)/004490_2025_business.pdf,273,2,0.007,0,0,2,0.007,"{""scanned_image"": 2}","[6, 263]"
004490_2025_governance_report,004490,세방전지,2025,governance_report,/content/drive/MyDrive/ESG 팀프로젝트/2. ESG 채점 세트/보고서 3종/세방전지(004490)/004490_2025_governance.pdf,49,0,0.0,0,0,0,0.0,{},[]
004490_2025_sustainability_report,004490,세방전지,2025,sustainability_report,/content/drive/MyDrive/ESG 팀프로젝트/2. ESG 채점 세트/보고서 3종/세방전지(004490)/004490_2025_sustainability.pdf,95,11,0.116,5,0,6,0.063,"{""scanned_image"": 6}","[1, 12, 41, 49, 67, 77]"
336370_2022_business_report,336370,솔루스첨단소재,2022,business_report,/content/drive/MyDrive/ESG 팀프로젝트/2. ESG 채점 세트/보고서 3종/솔루스첨단소재(336370)/336370_2022_business.pdf,241,3,0.012,1,0,2,0.008,"{""scanned_image"": 2}","[11, 13]"
336370_2022_governance_report,336370,솔루스첨단소재,2022,governance_report,/content/drive/MyDrive/ESG 팀프로젝트/2. ESG 채점 세트/보고서 3종/솔루스첨단소재(336370)/336370_2022_governance.pdf,54,5,0.093,1,0,4,0.074,"{""scanned_image"": 4}","[9, 10, 38, 53]"
336370_2023_business_report,336370,솔루스첨단소재,2023,business_report,/content/drive/MyDrive/ESG 팀프로젝트/2. ESG 채점 세트/보고서 3종/솔루스첨단소재(336370)/336370_2023_business.pdf,242,1,0.004,0,0,1,0.004,"{""scanned_image"": 1}",[4]
336370_2023_governance_report,336370,솔루스첨단소재,2023,governance_report,/content/drive/MyDrive/ESG 팀프로젝트/2. ESG 채점 세트/보고서 3종/솔루스첨단소재(336370)/336370_2023_governance.pdf,56,3,0.054,0,0,3,0.054,"{""scanned_image"": 3}","[9, 10, 55]"
336370_2023_sustainability_report,336370,솔루스첨단소재,2023,sustainability_report,/content/drive/MyDrive/ESG 팀프로젝트/2. ESG 채점 세트/보고서 3종/솔루스첨단소재(336370)/336370_2023_sustainability.pdf,34,13,0.382,8,0,5,0.147,"{""vector_curve_text"": 1, ""scanned_image"": 4}","[1, 7, 14, 16, 20]"
336370_2024_business_report,336370,솔루스첨단소재,2024,business_report,/content/drive/MyDrive/ESG 팀프로젝트/2. ESG 채점 세트/보고서 3종/솔루스첨단소재(336370)/336370_2024_business.pdf,258,1,0.004,0,0,1,0.004,"{""scanned_image"": 1}",[4]
336370_2024_governance_report,336370,솔루스첨단소재,2024,governance_report,/content/drive/MyDrive/ESG 팀프로젝트/2. ESG 채점 세트/보고서 3종/솔루스첨단소재(336370)/336370_2024_governance.pdf,43,0,0.0,0,0,0,0.0,{},[]
336370_2025_business_report,336370,솔루스첨단소재,2025,business_report,/content/drive/MyDrive/ESG 팀프로젝트/2. ESG 채점 세트/보고서 3종/솔루스첨단소재(336370)/336370_2025_business.pdf,317,2,0.006,0,0,2,0.006,"{""scanned_image"": 2}","[11, 13]"
336370_2025_governance_report,336370,솔루스첨단소재,2025,governance_report,/content/drive/MyDrive/ESG 팀프로젝트/2. ESG 채점 세트/보고서 3종/솔루스첨단소재(336370)/336370_2025_governance.pdf,47,0,0.0,0,0,0,0.0,{},[]
248070_2023_business_report,248070,솔루엠,2023,business_report,/content/drive/MyDrive/ESG 팀프로젝트/2. ESG 채점 세트/보고서 3종/솔루엠(248070)/248070_2023_business.pdf,282,1,0.004,0,0,1,0.004,"{""scanned_image"": 1}",[4]
248070_2023_governance_report,248070,솔루엠,2023,governance_report,/content/drive/MyDrive/ESG 팀프로젝트/2. ESG 채점 세트/보고서 3종/솔루엠(248070)/248070_2023_governance.pdf,86,0,0.0,0,0,0,0.0,{},[]
248070_2024_business_report,248070,솔루엠,2024,business_report,/content/drive/MyDrive/ESG 팀프로젝트/2. ESG 채점 세트/보고서 3종/솔루엠(248070)/248070_2024_business.pdf,281,2,0.007,0,0,2,0.007,"{""scanned_image"": 2}","[4, 6]"
248070_2024_governance_report,248070,솔루엠,2024,governance_report,/content/drive/MyDrive/ESG 팀프로젝트/2. ESG 채점 세트/보고서 3종/솔루엠(248070)/248070_2024_governance.pdf,47,0,0.0,0,0,0,0.0,{},[]
248070_2024_sustainability_report,248070,솔루엠,2024,sustainability_report,/content/drive/MyDrive/ESG 팀프로젝트/2. ESG 채점 세트/보고서 3종/솔루엠(248070)/248070_2024_sustainability.pdf,106,21,0.198,19,0,2,0.019,"{""vector_curve_text"": 1, ""scanned_image"": 1}","[1, 3]"
248070_2025_business_report,248070,솔루엠,2025,business_report,/content/drive/MyDrive/ESG 팀프로젝트/2. ESG 채점 세트/보고서 3종/솔루엠(248070)/248070_2025_business.pdf,253,2,0.008,0,0,2,0.008,"{""scanned_image"": 2}","[5, 7]"
248070_2025_governance_report,248070,솔루엠,2025,governance_report,/content/drive/MyDrive/ESG 팀프로젝트/2. ESG 채점 세트/보고서 3종/솔루엠(248070)/248070_2025_governance.pdf,48,0,0.0,0,0,0,0.0,{},[]
248070_2025_sustainability_report,248070,솔루엠,2025,sustainability_report,/content/drive/MyDrive/ESG 팀프로젝트/2. ESG 채점 세트/보고서 3종/솔루엠(248070)/248070_2025_sustainability.pdf,102,30,0.294,25,0,5,0.049,"{""vector_curve_text"": 2, ""scanned_image"": 3}","[1, 28, 43, 64, 71]"
029530_2022_business_report,029530,신도리코,2022,business_report,/content/drive/MyDrive/ESG 팀프로젝트/2. ESG 채점 세트/보고서 3종/신도리코(029530)/029530_2022_business.pdf,203,1,0.005,0,0,1,0.005,"{""scanned_image"": 1}",[4]
029530_2022_governance_report,029530,신도리코,2022,governance_report,/content/drive/MyDrive/ESG 팀프로젝트/2. ESG 채점 세트/보고서 3종/신도리코(029530)/029530_2022_governance.pdf,53,0,0.0,0,0,0,0.0,{},[]
029530_2023_business_report,029530,신도리코,2023,business_report,/content/drive/MyDrive/ESG 팀프로젝트/2. ESG 채점 세트/보고서 3종/신도리코(029530)/029530_2023_business.pdf,207,1,0.005,0,0,1,0.005,"{""scanned_image"": 1}",[4]
029530_2023_governance_report,029530,신도리코,2023,governance_report,/content/drive/MyDrive/ESG 팀프로젝트/2. ESG 채점 세트/보고서 3종/신도리코(029530)/029530_2023_governance.pdf,54,0,0.0,0,0,0,0.0,{},[]
029530_2024_business_report,029530,신도리코,2024,business_report,/content/drive/MyDrive/ESG 팀프로젝트/2. ESG 채점 세트/보고서 3종/신도리코(029530)/029530_2024_business.pdf,223,1,0.004,0,0,1,0.004,"{""scanned_image"": 1}",[4]
029530_2024_governance_report,029530,신도리코,2024,governance_report,/content/drive/MyDrive/ESG 팀프로젝트/2. ESG 채점 세트/보고서 3종/신도리코(029530)/029530_2024_governance.pdf,46,0,0.0,0,0,0,0.0,{},[]
029530_2025_business_report,029530,신도리코,2025,business_report,/content/drive/MyDrive/ESG 팀프로젝트/2. ESG 채점 세트/보고서 3종/신도리코(029530)/029530_2025_business.pdf,227,2,0.009,0,0,2,0.009,"{""scanned_image"": 2}","[8, 10]"
029530_2025_governance_report,029530,신도리코,2025,governance_report,/content/drive/MyDrive/ESG 팀프로젝트/2. ESG 채점 세트/보고서 3종/신도리코(029530)/029530_2025_governance.pdf,49,0,0.0,0,0,0,0.0,{},[]
011930_2024_business_report,011930,신성이엔지,2024,business_report,/content/drive/MyDrive/ESG 팀프로젝트/2. ESG 채점 세트/보고서 3종/신성이엔지(011930)/011930_2024_business.pdf,312,2,0.006,0,0,2,0.006,"{""scanned_image"": 2}","[4, 28]"
011930_2024_governance_report,011930,신성이엔지,2024,governance_report,/content/drive/MyDrive/ESG 팀프로젝트/2. ESG 채점 세트/보고서 3종/신성이엔지(011930)/011930_2024_governance.pdf,47,0,0.0,0,0,0,0.0,{},[]
011930_2025_business_report,011930,신성이엔지,2025,business_report,/content/drive/MyDrive/ESG 팀프로젝트/2. ESG 채점 세트/보고서 3종/신성이엔지(011930)/011930_2025_business.pdf,300,1,0.003,0,0,1,0.003,"{""scanned_image"": 1}",[4]
011930_2025_governance_report,011930,신성이엔지,2025,governance_report,/content/drive/MyDrive/ESG 팀프로젝트/2. ESG 채점 세트/보고서 3종/신성이엔지(011930)/011930_2025_governance.pdf,49,0,0.0,0,0,0,0.0,{},[]
011930_2025_sustainability_report,011930,신성이엔지,2025,sustainability_report,/content/drive/MyDrive/ESG 팀프로젝트/2. ESG 채점 세트/보고서 3종/신성이엔지(011930)/011930_2025_sustainability.pdf,96,16,0.167,8,0,8,0.083,"{""scanned_image"": 4, ""vector_curve_text"": 4}","[1, 3, 24, 41, 66, 70, 76, 96]"
450080_2025_business_report,450080,에코프로머티,2025,business_report,/content/drive/MyDrive/ESG 팀프로젝트/2. ESG 채점 세트/보고서 3종/에코프로머티(450080)/450080_2025_business.pdf,171,2,0.012,0,0,2,0.012,"{""scanned_image"": 2}","[7, 9]"
450080_2025_governance_report,450080,에코프로머티,2025,governance_report,/content/drive/MyDrive/ESG 팀프로젝트/2. ESG 채점 세트/보고서 3종/에코프로머티(450080)/450080_2025_governance.pdf,49,0,0.0,0,0,0,0.0,{},[]
450080_2025_sustainability_report,450080,에코프로머티,2025,sustainability_report,/content/drive/MyDrive/ESG 팀프로젝트/2. ESG 채점 세트/보고서 3종/에코프로머티(450080)/450080_2025_sustainability.pdf,93,6,0.065,0,0,6,0.065,"{""scanned_image"": 6}","[1, 6, 20, 21, 35, 72]"
247540_2023_business_report,247540,에코프로비엠,2023,business_report,/content/drive/MyDrive/ESG 팀프로젝트/2. ESG 채점 세트/보고서 3종/에코프로비엠(247540)/247540_2023_business.pdf,238,2,0.008,0,0,2,0.008,"{""scanned_image"": 2}","[4, 40]"
247540_2023_sustainability_report,247540,에코프로비엠,2023,sustainability_report,/content/drive/MyDrive/ESG 팀프로젝트/2. ESG 채점 세트/보고서 3종/에코프로비엠(247540)/247540_2023_sustainability.pdf,76,13,0.171,1,0,12,0.158,"{""vector_curve_text"": 10, ""scanned_image"": 2}","[1, 7, 14, 15, 21, 22, 34, 53, 62, 72, 74, 75]"
247540_2024_business_report,247540,에코프로비엠,2024,business_report,/content/drive/MyDrive/ESG 팀프로젝트/2. ESG 채점 세트/보고서 3종/에코프로비엠(247540)/247540_2024_business.pdf,316,2,0.006,0,0,2,0.006,"{""scanned_image"": 2}","[8, 10]"
247540_2024_sustainability_report,247540,에코프로비엠,2024,sustainability_report,/content/drive/MyDrive/ESG 팀프로젝트/2. ESG 채점 세트/보고서 3종/에코프로비엠(247540)/247540_2024_sustainability.pdf,97,15,0.155,1,0,14,0.144,"{""vector_curve_text"": 5, ""scanned_image"": 9}","[1, 12, 21, 53, 59, 65, 77, 83, 88, 91, 92, 93, 94, 95]"
247540_2025_business_report,247540,에코프로비엠,2025,business_report,/content/drive/MyDrive/ESG 팀프로젝트/2. ESG 채점 세트/보고서 3종/에코프로비엠(247540)/247540_2025_business.pdf,298,4,0.013,1,0,3,0.01,"{""scanned_image"": 3}","[6, 8, 23]"
247540_2025_sustainability_report,247540,에코프로비엠,2025,sustainability_report,/content/drive/MyDrive/ESG 팀프로젝트/2. ESG 채점 세트/보고서 3종/에코프로비엠(247540)/247540_2025_sustainability.pdf,103,6,0.058,0,0,6,0.058,"{""scanned_image"": 5, ""vector_curve_text"": 1}","[1, 7, 22, 34, 38, 79]"
066970_2022_business_report,066970,엘앤에프,2022,business_report,/content/drive/MyDrive/ESG 팀프로젝트/2. ESG 채점 세트/보고서 3종/엘앤에프(066970)/066970_2022_business.pdf,238,2,0.008,0,0,2,0.008,"{""scanned_image"": 2}","[4, 235]"
066970_2023_business_report,066970,엘앤에프,2023,business_report,/content/drive/MyDrive/ESG 팀프로젝트/2. ESG 채점 세트/보고서 3종/엘앤에프(066970)/066970_2023_business.pdf,316,2,0.006,0,0,2,0.006,"{""scanned_image"": 2}","[33, 35]"
066970_2023_sustainability_report,066970,엘앤에프,2023,sustainability_report,/content/drive/MyDrive/ESG 팀프로젝트/2. ESG 채점 세트/보고서 3종/엘앤에프(066970)/066970_2023_sustainability.pdf,112,25,0.223,17,0,8,0.071,"{""vector_curve_text"": 5, ""scanned_image"": 3}","[1, 4, 5, 13, 44, 45, 92, 108]"
066970_2024_business_report,066970,엘앤에프,2024,business_report,/content/drive/MyDrive/ESG 팀프로젝트/2. ESG 채점 세트/보고서 3종/엘앤에프(066970)/066970_2024_business.pdf,316,2,0.006,0,0,2,0.006,"{""scanned_image"": 2}","[14, 16]"
066970_2024_governance_report,066970,엘앤에프,2024,governance_report,/content/drive/MyDrive/ESG 팀프로젝트/2. ESG 채점 세트/보고서 3종/엘앤에프(066970)/066970_2024_governance.pdf,47,0,0.0,0,0,0,0.0,{},[]
066970_2024_sustainability_report,066970,엘앤에프,2024,sustainability_report,/content/drive/MyDrive/ESG 팀프로젝트/2. ESG 채점 세트/보고서 3종/엘앤에프(066970)/066970_2024_sustainability.pdf,91,21,0.231,20,0,1,0.011,"{""vector_curve_text"": 1}",[1]
066970_2025_business_report,066970,엘앤에프,2025,business_report,/content/drive/MyDrive/ESG 팀프로젝트/2. ESG 채점 세트/보고서 3종/엘앤에프(066970)/066970_2025_business.pdf,288,1,0.003,0,0,1,0.003,"{""scanned_image"": 1}",[6]
066970_2025_governance_report,066970,엘앤에프,2025,governance_report,/content/drive/MyDrive/ESG 팀프로젝트/2. ESG 채점 세트/보고서 3종/엘앤에프(066970)/066970_2025_governance.pdf,47,0,0.0,0,0,0,0.0,{},[]
066970_2025_sustainability_report,066970,엘앤에프,2025,sustainability_report,/content/drive/MyDrive/ESG 팀프로젝트/2. ESG 채점 세트/보고서 3종/엘앤에프(066970)/066970_2025_sustainability.pdf,80,13,0.163,7,0,6,0.075,"{""scanned_image"": 6}","[1, 3, 20, 30, 45, 55]"
010120_2022_business_report,010120,엘에스일렉트릭,2022,business_report,/content/drive/MyDrive/ESG 팀프로젝트/2. ESG 채점 세트/보고서 3종/엘에스일렉트릭(010120)/010120_2022_business.pdf,280,1,0.004,0,0,1,0.004,"{""scanned_image"": 1}",[4]
010120_2022_governance_report,010120,엘에스일렉트릭,2022,governance_report,/content/drive/MyDrive/ESG 팀프로젝트/2. ESG 채점 세트/보고서 3종/엘에스일렉트릭(010120)/010120_2022_governance.pdf,56,0,0.0,0,0,0,0.0,{},[]
010120_2022_sustainability_report,010120,엘에스일렉트릭,2022,sustainability_report,/content/drive/MyDrive/ESG 팀프로젝트/2. ESG 채점 세트/보고서 3종/엘에스일렉트릭(010120)/010120_2022_sustainability.pdf,81,12,0.148,12,0,0,0.0,{},[]
010120_2023_business_report,010120,엘에스일렉트릭,2023,business_report,/content/drive/MyDrive/ESG 팀프로젝트/2. ESG 채점 세트/보고서 3종/엘에스일렉트릭(010120)/010120_2023_business.pdf,382,1,0.003,0,0,1,0.003,"{""scanned_image"": 1}",[4]
010120_2023_governance_report,010120,엘에스일렉트릭,2023,governance_report,/content/drive/MyDrive/ESG 팀프로젝트/2. ESG 채점 세트/보고서 3종/엘에스일렉트릭(010120)/010120_2023_governance.pdf,53,0,0.0,0,0,0,0.0,{},[]
010120_2023_sustainability_report,010120,엘에스일렉트릭,2023,sustainability_report,/content/drive/MyDrive/ESG 팀프로젝트/2. ESG 채점 세트/보고서 3종/엘에스일렉트릭(010120)/010120_2023_sustainability.pdf,86,27,0.314,20,0,7,0.081,"{""scanned_image"": 5, ""vector_curve_text"": 2}","[4, 5, 14, 20, 32, 71, 77]"
010120_2024_business_report,010120,엘에스일렉트릭,2024,business_report,/content/drive/MyDrive/ESG 팀프로젝트/2. ESG 채점 세트/보고서 3종/엘에스일렉트릭(010120)/010120_2024_business.pdf,457,6,0.013,0,0,6,0.013,"{""scanned_image"": 2, ""vector_curve_text"": 4}","[31, 33, 222, 230, 304, 372]"
010120_2024_governance_report,010120,엘에스일렉트릭,2024,governance_report,/content/drive/MyDrive/ESG 팀프로젝트/2. ESG 채점 세트/보고서 3종/엘에스일렉트릭(010120)/010120_2024_governance.pdf,48,0,0.0,0,0,0,0.0,{},[]
010120_2024_sustainability_report,010120,엘에스일렉트릭,2024,sustainability_report,/content/drive/MyDrive/ESG 팀프로젝트/2. ESG 채점 세트/보고서 3종/엘에스일렉트릭(010120)/010120_2024_sustainability.pdf,100,12,0.12,11,0,1,0.01,"{""scanned_image"": 1}",[1]
010120_2025_business_report,010120,엘에스일렉트릭,2025,business_report,/content/drive/MyDrive/ESG 팀프로젝트/2. ESG 채점 세트/보고서 3종/엘에스일렉트릭(010120)/010120_2025_business.pdf,435,2,0.005,0,0,2,0.005,"{""scanned_image"": 1, ""vector_curve_text"": 1}","[6, 254]"
010120_2025_governance_report,010120,엘에스일렉트릭,2025,governance_report,/content/drive/MyDrive/ESG 팀프로젝트/2. ESG 채점 세트/보고서 3종/엘에스일렉트릭(010120)/010120_2025_governance.pdf,50,0,0.0,0,0,0,0.0,{},[]
010120_2025_sustainability_report,010120,엘에스일렉트릭,2025,sustainability_report,/content/drive/MyDrive/ESG 팀프로젝트/2. ESG 채점 세트/보고서 3종/엘에스일렉트릭(010120)/010120_2025_sustainability.pdf,103,10,0.097,8,0,2,0.019,"{""scanned_image"": 1, ""vector_curve_text"": 1}","[1, 53]"
097520_2024_business_report,097520,엠씨넥스,2024,business_report,/content/drive/MyDrive/ESG 팀프로젝트/2. ESG 채점 세트/보고서 3종/엠씨넥스(097520)/097520_2024_business.pdf,213,2,0.009,0,0,2,0.009,"{""scanned_image"": 2}","[4, 24]"
097520_2024_governance_report,097520,엠씨넥스,2024,governance_report,/content/drive/MyDrive/ESG 팀프로젝트/2. ESG 채점 세트/보고서 3종/엠씨넥스(097520)/097520_2024_governance.pdf,40,0,0.0,0,0,0,0.0,{},[]
097520_2024_sustainability_report,097520,엠씨넥스,2024,sustainability_report,/content/drive/MyDrive/ESG 팀프로젝트/2. ESG 채점 세트/보고서 3종/엠씨넥스(097520)/097520_2024_sustainability.pdf,34,2,0.059,1,0,1,0.029,"{""scanned_image"": 1}",[17]
097520_2025_business_report,097520,엠씨넥스,2025,business_report,/content/drive/MyDrive/ESG 팀프로젝트/2. ESG 채점 세트/보고서 3종/엠씨넥스(097520)/097520_2025_business.pdf,218,2,0.009,0,0,2,0.009,"{""scanned_image"": 2}","[4, 24]"
097520_2025_governance_report,097520,엠씨넥스,2025,governance_report,/content/drive/MyDrive/ESG 팀프로젝트/2. ESG 채점 세트/보고서 3종/엠씨넥스(097520)/097520_2025_governance.pdf,46,0,0.0,0,0,0,0.0,{},[]
007660_2023_business_report,007660,이수페타시스,2023,business_report,/content/drive/MyDrive/ESG 팀프로젝트/2. ESG 채점 세트/보고서 3종/이수페타시스(007660)/007660_2023_business.pdf,322,3,0.009,0,0,3,0.009,"{""scanned_image"": 3}","[4, 29, 34]"
007660_2023_sustainability_report,007660,이수페타시스,2023,sustainability_report,/content/drive/MyDrive/ESG 팀프로젝트/2. ESG 채점 세트/보고서 3종/이수페타시스(007660)/007660_2023_sustainability.pdf,43,14,0.326,9,0,5,0.116,"{""vector_curve_text"": 1, ""scanned_image"": 4}","[1, 2, 8, 17, 33]"
007660_2024_business_report,007660,이수페타시스,2024,business_report,/content/drive/MyDrive/ESG 팀프로젝트/2. ESG 채점 세트/보고서 3종/이수페타시스(007660)/007660_2024_business.pdf,325,2,0.006,0,0,2,0.006,"{""scanned_image"": 2}","[4, 38]"
007660_2024_governance_report,007660,이수페타시스,2024,governance_report,/content/drive/MyDrive/ESG 팀프로젝트/2. ESG 채점 세트/보고서 3종/이수페타시스(007660)/007660_2024_governance.pdf,43,0,0.0,0,0,0,0.0,{},[]
007660_2024_sustainability_report,007660,이수페타시스,2024,sustainability_report,/content/drive/MyDrive/ESG 팀프로젝트/2. ESG 채점 세트/보고서 3종/이수페타시스(007660)/007660_2024_sustainability.pdf,102,44,0.431,16,0,28,0.275,"{""scanned_image"": 13, ""vector_curve_text"": 15}","[1, 3, 5, 7, 9, 13, 18, 20, 23, 25, 30, 31, 33, 35, 43, 47, 49, 51, 59, 61, 63, 67, 73, 77, 79, 81, 97, 99]"
007660_2025_business_report,007660,이수페타시스,2025,business_report,/content/drive/MyDrive/ESG 팀프로젝트/2. ESG 채점 세트/보고서 3종/이수페타시스(007660)/007660_2025_business.pdf,286,3,0.01,0,0,3,0.01,"{""scanned_image"": 3}","[6, 8, 31]"
007660_2025_governance_report,007660,이수페타시스,2025,governance_report,/content/drive/MyDrive/ESG 팀프로젝트/2. ESG 채점 세트/보고서 3종/이수페타시스(007660)/007660_2025_governance.pdf,45,0,0.0,0,0,0,0.0,{},[]
189300_2025_business_report,189300,인텔리안테크,2025,business_report,/content/drive/MyDrive/ESG 팀프로젝트/2. ESG 채점 세트/보고서 3종/인텔리안테크(189300)/189300_2025_business.pdf,247,2,0.008,0,0,2,0.008,"{""scanned_image"": 2}","[4, 242]"
103590_2022_business_report,103590,일진전기,2022,business_report,/content/drive/MyDrive/ESG 팀프로젝트/2. ESG 채점 세트/보고서 3종/일진전기(103590)/103590_2022_business.pdf,263,2,0.008,0,0,2,0.008,"{""scanned_image"": 2}","[4, 28]"
103590_2022_sustainability_report,103590,일진전기,2022,sustainability_report,/content/drive/MyDrive/ESG 팀프로젝트/2. ESG 채점 세트/보고서 3종/일진전기(103590)/103590_2022_sustainability.pdf,74,28,0.378,23,0,5,0.068,"{""vector_curve_text"": 5}","[1, 4, 15, 20, 59]"
103590_2023_business_report,103590,일진전기,2023,business_report,/content/drive/MyDrive/ESG 팀프로젝트/2. ESG 채점 세트/보고서 3종/일진전기(103590)/103590_2023_business.pdf,297,2,0.007,0,0,2,0.007,"{""scanned_image"": 2}","[4, 33]"
103590_2023_sustainability_report,103590,일진전기,2023,sustainability_report,/content/drive/MyDrive/ESG 팀프로젝트/2. ESG 채점 세트/보고서 3종/일진전기(103590)/103590_2023_sustainability.pdf,76,27,0.355,23,0,4,0.053,"{""vector_curve_text"": 3, ""scanned_image"": 1}","[1, 24, 46, 51]"
103590_2024_business_report,103590,일진전기,2024,business_report,/content/drive/MyDrive/ESG 팀프로젝트/2. ESG 채점 세트/보고서 3종/일진전기(103590)/103590_2024_business.pdf,292,3,0.01,0,0,3,0.01,"{""scanned_image"": 3}","[4, 34, 232]"
103590_2024_governance_report,103590,일진전기,2024,governance_report,/content/drive/MyDrive/ESG 팀프로젝트/2. ESG 채점 세트/보고서 3종/일진전기(103590)/103590_2024_governance.pdf,40,0,0.0,0,0,0,0.0,{},[]
103590_2024_sustainability_report,103590,일진전기,2024,sustainability_report,/content/drive/MyDrive/ESG 팀프로젝트/2. ESG 채점 세트/보고서 3종/일진전기(103590)/103590_2024_sustainability.pdf,86,26,0.302,17,0,9,0.105,"{""vector_curve_text"": 2, ""scanned_image"": 7}","[1, 4, 8, 27, 32, 43, 72, 79, 85]"
103590_2025_business_report,103590,일진전기,2025,business_report,/content/drive/MyDrive/ESG 팀프로젝트/2. ESG 채점 세트/보고서 3종/일진전기(103590)/103590_2025_business.pdf,263,2,0.008,0,0,2,0.008,"{""scanned_image"": 2}","[5, 36]"
103590_2025_governance_report,103590,일진전기,2025,governance_report,/content/drive/MyDrive/ESG 팀프로젝트/2. ESG 채점 세트/보고서 3종/일진전기(103590)/103590_2025_governance.pdf,41,0,0.0,0,0,0,0.0,{},[]
103590_2025_sustainability_report,103590,일진전기,2025,sustainability_report,/content/drive/MyDrive/ESG 팀프로젝트/2. ESG 채점 세트/보고서 3종/일진전기(103590)/103590_2025_sustainability.pdf,113,20,0.177,19,0,1,0.009,"{""vector_curve_text"": 1}",[1]
033240_2024_business_report,033240,자화전자,2024,business_report,/content/drive/MyDrive/ESG 팀프로젝트/2. ESG 채점 세트/보고서 3종/자화전자(033240)/033240_2024_business.pdf,224,1,0.004,0,0,1,0.004,"{""scanned_image"": 1}",[4]
033240_2024_governance_report,033240,자화전자,2024,governance_report,/content/drive/MyDrive/ESG 팀프로젝트/2. ESG 채점 세트/보고서 3종/자화전자(033240)/033240_2024_governance.pdf,47,0,0.0,0,0,0,0.0,{},[]
033240_2025_business_report,033240,자화전자,2025,business_report,/content/drive/MyDrive/ESG 팀프로젝트/2. ESG 채점 세트/보고서 3종/자화전자(033240)/033240_2025_business.pdf,249,2,0.008,0,0,2,0.008,"{""scanned_image"": 2}","[23, 25]"
033240_2025_governance_report,033240,자화전자,2025,governance_report,/content/drive/MyDrive/ESG 팀프로젝트/2. ESG 채점 세트/보고서 3종/자화전자(033240)/033240_2025_governance.pdf,51,0,0.0,0,0,0,0.0,{},[]
007810_2022_business_report,007810,코리아써키트,2022,business_report,/content/drive/MyDrive/ESG 팀프로젝트/2. ESG 채점 세트/보고서 3종/코리아써키트(007810)/007810_2022_business.pdf,246,2,0.008,0,0,2,0.008,"{""scanned_image"": 2}","[4, 32]"
007810_2022_governance_report,007810,코리아써키트,2022,governance_report,/content/drive/MyDrive/ESG 팀프로젝트/2. ESG 채점 세트/보고서 3종/코리아써키트(007810)/007810_2022_governance.pdf,56,1,0.018,0,0,1,0.018,"{""scanned_image"": 1}",[56]
007810_2023_business_report,007810,코리아써키트,2023,business_report,/content/drive/MyDrive/ESG 팀프로젝트/2. ESG 채점 세트/보고서 3종/코리아써키트(007810)/007810_2023_business.pdf,224,2,0.009,0,0,2,0.009,"{""scanned_image"": 2}","[4, 25]"
007810_2023_governance_report,007810,코리아써키트,2023,governance_report,/content/drive/MyDrive/ESG 팀프로젝트/2. ESG 채점 세트/보고서 3종/코리아써키트(007810)/007810_2023_governance.pdf,55,1,0.018,0,0,1,0.018,"{""scanned_image"": 1}",[55]
007810_2024_business_report,007810,코리아써키트,2024,business_report,/content/drive/MyDrive/ESG 팀프로젝트/2. ESG 채점 세트/보고서 3종/코리아써키트(007810)/007810_2024_business.pdf,229,1,0.004,0,0,1,0.004,"{""scanned_image"": 1}",[4]
007810_2024_governance_report,007810,코리아써키트,2024,governance_report,/content/drive/MyDrive/ESG 팀프로젝트/2. ESG 채점 세트/보고서 3종/코리아써키트(007810)/007810_2024_governance.pdf,77,0,0.0,0,0,0,0.0,{},[]
007810_2024_sustainability_report,007810,코리아써키트,2024,sustainability_report,/content/drive/MyDrive/ESG 팀프로젝트/2. ESG 채점 세트/보고서 3종/코리아써키트(007810)/007810_2024_sustainability.pdf,63,62,0.984,0,0,62,0.984,"{""scanned_image"": 12, ""vector_curve_text"": 50}","[1, 2, 3, 4, 5, 6, 7, 8, 9, 10, 11, 12, 13, 14, 15, 16, 17, 18, 19, 20, 21, 22, 23, 24, 25, 26, 27, 28, 29, 30, 31, 32, 33, 34, 35, 36, 37, 38, 39, 40, 41, 42, 43, 44, 45, 46, 47, 48, 49, 50, 51, 52, 53, 54, 55, 56, 57, 58, 59, 60, 61, 62]"
007810_2025_business_report,007810,코리아써키트,2025,business_report,/content/drive/MyDrive/ESG 팀프로젝트/2. ESG 채점 세트/보고서 3종/코리아써키트(007810)/007810_2025_business.pdf,259,1,0.004,0,0,1,0.004,"{""scanned_image"": 1}",[6]
007810_2025_governance_report,007810,코리아써키트,2025,governance_report,/content/drive/MyDrive/ESG 팀프로젝트/2. ESG 채점 세트/보고서 3종/코리아써키트(007810)/007810_2025_governance.pdf,43,0,0.0,0,0,0,0.0,{},[]
007810_2025_sustainability_report,007810,코리아써키트,2025,sustainability_report,/content/drive/MyDrive/ESG 팀프로젝트/2. ESG 채점 세트/보고서 3종/코리아써키트(007810)/007810_2025_sustainability.pdf,82,81,0.988,0,0,81,0.988,"{""scanned_image"": 76, ""vector_curve_text"": 5}","[1, 3, 4, 5, 6, 7, 8, 9, 10, 11, 12, 13, 14, 15, 16, 17, 18, 19, 20, 21, 22, 23, 24, 25, 26, 27, 28, 29, 30, 31, 32, 33, 34, 35, 36, 37, 38, 39, 40, 41, 42, 43, 44, 45, 46, 47, 48, 49, 50, 51, 52, 53, 54, 55, 56, 57, 58, 59, 60, 61, 62, 63, 64, 65, 66, 67, 68, 69, 70, 71, 72, 73, 74, 75, 76, 77, 78, 79, 80, 81, 82]"
019180_2025_business_report,019180,티에이치엔,2025,business_report,/content/drive/MyDrive/ESG 팀프로젝트/2. ESG 채점 세트/보고서 3종/티에이치엔(019180)/019180_2025_business.pdf,215,1,0.005,0,0,1,0.005,"{""scanned_image"": 1}",[5]
019180_2025_governance_report,019180,티에이치엔,2025,governance_report,/content/drive/MyDrive/ESG 팀프로젝트/2. ESG 채점 세트/보고서 3종/티에이치엔(019180)/019180_2025_governance.pdf,58,5,0.086,0,0,5,0.086,"{""scanned_image"": 5}","[1, 11, 16, 22, 36]"
003670_2022_business_report,003670,포스코퓨처엠,2022,business_report,/content/drive/MyDrive/ESG 팀프로젝트/2. ESG 채점 세트/보고서 3종/포스코퓨처엠(003670)/003670_2022_business.pdf,316,1,0.003,0,0,1,0.003,"{""scanned_image"": 1}",[4]
003670_2022_governance_report,003670,포스코퓨처엠,2022,governance_report,/content/drive/MyDrive/ESG 팀프로젝트/2. ESG 채점 세트/보고서 3종/포스코퓨처엠(003670)/003670_2022_governance.pdf,84,10,0.119,1,0,9,0.107,"{""scanned_image"": 9}","[6, 7, 18, 22, 23, 24, 26, 41, 61]"
003670_2022_sustainability_report,003670,포스코퓨처엠,2022,sustainability_report,/content/drive/MyDrive/ESG 팀프로젝트/2. ESG 채점 세트/보고서 3종/포스코퓨처엠(003670)/003670_2022_sustainability.pdf,138,4,0.029,0,0,4,0.029,"{""scanned_image"": 4}","[6, 18, 30, 100]"
003670_2023_business_report,003670,포스코퓨처엠,2023,business_report,/content/drive/MyDrive/ESG 팀프로젝트/2. ESG 채점 세트/보고서 3종/포스코퓨처엠(003670)/003670_2023_business.pdf,358,2,0.006,0,0,2,0.006,"{""scanned_image"": 2}","[5, 7]"
003670_2023_governance_report,003670,포스코퓨처엠,2023,governance_report,/content/drive/MyDrive/ESG 팀프로젝트/2. ESG 채점 세트/보고서 3종/포스코퓨처엠(003670)/003670_2023_governance.pdf,88,11,0.125,1,0,10,0.114,"{""scanned_image"": 10}","[7, 12, 13, 19, 26, 27, 43, 62, 63, 71]"
003670_2023_sustainability_report,003670,포스코퓨처엠,2023,sustainability_report,/content/drive/MyDrive/ESG 팀프로젝트/2. ESG 채점 세트/보고서 3종/포스코퓨처엠(003670)/003670_2023_sustainability.pdf,113,5,0.044,4,0,1,0.009,"{""vector_curve_text"": 1}",[1]
003670_2024_business_report,003670,포스코퓨처엠,2024,business_report,/content/drive/MyDrive/ESG 팀프로젝트/2. ESG 채점 세트/보고서 3종/포스코퓨처엠(003670)/003670_2024_business.pdf,315,2,0.006,0,0,2,0.006,"{""scanned_image"": 2}","[25, 27]"
003670_2024_governance_report,003670,포스코퓨처엠,2024,governance_report,/content/drive/MyDrive/ESG 팀프로젝트/2. ESG 채점 세트/보고서 3종/포스코퓨처엠(003670)/003670_2024_governance.pdf,56,0,0.0,0,0,0,0.0,{},[]
003670_2024_sustainability_report,003670,포스코퓨처엠,2024,sustainability_report,/content/drive/MyDrive/ESG 팀프로젝트/2. ESG 채점 세트/보고서 3종/포스코퓨처엠(003670)/003670_2024_sustainability.pdf,155,17,0.11,16,0,1,0.006,"{""scanned_image"": 1}",[1]
003670_2025_business_report,003670,포스코퓨처엠,2025,business_report,/content/drive/MyDrive/ESG 팀프로젝트/2. ESG 채점 세트/보고서 3종/포스코퓨처엠(003670)/003670_2025_business.pdf,307,1,0.003,0,0,1,0.003,"{""scanned_image"": 1}",[6]
003670_2025_governance_report,003670,포스코퓨처엠,2025,governance_report,/content/drive/MyDrive/ESG 팀프로젝트/2. ESG 채점 세트/보고서 3종/포스코퓨처엠(003670)/003670_2025_governance.pdf,58,0,0.0,0,0,0,0.0,{},[]
003670_2025_sustainability_report,003670,포스코퓨처엠,2025,sustainability_report,/content/drive/MyDrive/ESG 팀프로젝트/2. ESG 채점 세트/보고서 3종/포스코퓨처엠(003670)/003670_2025_sustainability.pdf,141,1,0.007,0,0,1,0.007,"{""vector_curve_text"": 1}",[1]
067310_2023_business_report,067310,하나마이크론,2023,business_report,/content/drive/MyDrive/ESG 팀프로젝트/2. ESG 채점 세트/보고서 3종/하나마이크론(067310)/067310_2023_business.pdf,242,1,0.004,0,0,1,0.004,"{""scanned_image"": 1}",[4]
067310_2023_sustainability_report,067310,하나마이크론,2023,sustainability_report,/content/drive/MyDrive/ESG 팀프로젝트/2. ESG 채점 세트/보고서 3종/하나마이크론(067310)/067310_2023_sustainability.pdf,64,27,0.422,13,0,14,0.219,"{""vector_curve_text"": 13, ""scanned_image"": 1}","[1, 6, 10, 17, 18, 27, 42, 51, 59, 60, 61, 62, 63, 64]"
067310_2024_business_report,067310,하나마이크론,2024,business_report,/content/drive/MyDrive/ESG 팀프로젝트/2. ESG 채점 세트/보고서 3종/하나마이크론(067310)/067310_2024_business.pdf,244,1,0.004,0,0,1,0.004,"{""scanned_image"": 1}",[4]
067310_2024_sustainability_report,067310,하나마이크론,2024,sustainability_report,/content/drive/MyDrive/ESG 팀프로젝트/2. ESG 채점 세트/보고서 3종/하나마이크론(067310)/067310_2024_sustainability.pdf,78,27,0.346,14,0,13,0.167,"{""scanned_image"": 12, ""vector_curve_text"": 1}","[1, 4, 9, 16, 26, 27, 34, 36, 37, 52, 74, 75, 77]"
067310_2025_business_report,067310,하나마이크론,2025,business_report,/content/drive/MyDrive/ESG 팀프로젝트/2. ESG 채점 세트/보고서 3종/하나마이크론(067310)/067310_2025_business.pdf,376,1,0.003,0,0,1,0.003,"{""scanned_image"": 1}",[6]
067310_2025_sustainability_report,067310,하나마이크론,2025,sustainability_report,/content/drive/MyDrive/ESG 팀프로젝트/2. ESG 채점 세트/보고서 3종/하나마이크론(067310)/067310_2025_sustainability.pdf,80,21,0.263,17,0,4,0.05,"{""scanned_image"": 4}","[4, 9, 16, 53]"
166090_2023_business_report,166090,하나머티리얼즈,2023,business_report,/content/drive/MyDrive/ESG 팀프로젝트/2. ESG 채점 세트/보고서 3종/하나머티리얼즈(166090)/166090_2023_business.pdf,154,1,0.006,0,0,1,0.006,"{""scanned_image"": 1}",[4]
166090_2023_sustainability_report,166090,하나머티리얼즈,2023,sustainability_report,/content/drive/MyDrive/ESG 팀프로젝트/2. ESG 채점 세트/보고서 3종/하나머티리얼즈(166090)/166090_2023_sustainability.pdf,68,8,0.118,0,0,8,0.118,"{""vector_curve_text"": 7, ""scanned_image"": 1}","[1, 4, 12, 19, 20, 29, 51, 53]"
166090_2024_business_report,166090,하나머티리얼즈,2024,business_report,/content/drive/MyDrive/ESG 팀프로젝트/2. ESG 채점 세트/보고서 3종/하나머티리얼즈(166090)/166090_2024_business.pdf,226,1,0.004,0,0,1,0.004,"{""scanned_image"": 1}",[4]
166090_2024_sustainability_report,166090,하나머티리얼즈,2024,sustainability_report,/content/drive/MyDrive/ESG 팀프로젝트/2. ESG 채점 세트/보고서 3종/하나머티리얼즈(166090)/166090_2024_sustainability.pdf,76,26,0.342,17,0,9,0.118,"{""vector_curve_text"": 1, ""scanned_image"": 8}","[1, 4, 11, 16, 17, 30, 53, 62, 71]"
166090_2025_business_report,166090,하나머티리얼즈,2025,business_report,/content/drive/MyDrive/ESG 팀프로젝트/2. ESG 채점 세트/보고서 3종/하나머티리얼즈(166090)/166090_2025_business.pdf,261,1,0.004,0,0,1,0.004,"{""scanned_image"": 1}",[5]
166090_2025_sustainability_report,166090,하나머티리얼즈,2025,sustainability_report,/content/drive/MyDrive/ESG 팀프로젝트/2. ESG 채점 세트/보고서 3종/하나머티리얼즈(166090)/166090_2025_sustainability.pdf,87,25,0.287,7,0,18,0.207,"{""vector_curve_text"": 4, ""scanned_image"": 14}","[1, 2, 4, 5, 6, 7, 8, 11, 13, 16, 17, 38, 60, 62, 70, 71, 81, 86]"
025540_2022_business_report,025540,한국단자공업,2022,business_report,/content/drive/MyDrive/ESG 팀프로젝트/2. ESG 채점 세트/보고서 3종/한국단자공업(025540)/025540_2022_business.pdf,166,1,0.006,0,0,1,0.006,"{""scanned_image"": 1}",[4]
025540_2022_governance_report,025540,한국단자공업,2022,governance_report,/content/drive/MyDrive/ESG 팀프로젝트/2. ESG 채점 세트/보고서 3종/한국단자공업(025540)/025540_2022_governance.pdf,56,0,0.0,0,0,0,0.0,{},[]
025540_2023_business_report,025540,한국단자공업,2023,business_report,/content/drive/MyDrive/ESG 팀프로젝트/2. ESG 채점 세트/보고서 3종/한국단자공업(025540)/025540_2023_business.pdf,168,1,0.006,0,0,1,0.006,"{""scanned_image"": 1}",[4]
025540_2023_governance_report,025540,한국단자공업,2023,governance_report,/content/drive/MyDrive/ESG 팀프로젝트/2. ESG 채점 세트/보고서 3종/한국단자공업(025540)/025540_2023_governance.pdf,58,0,0.0,0,0,0,0.0,{},[]
025540_2024_business_report,025540,한국단자공업,2024,business_report,/content/drive/MyDrive/ESG 팀프로젝트/2. ESG 채점 세트/보고서 3종/한국단자공업(025540)/025540_2024_business.pdf,178,2,0.011,0,0,2,0.011,"{""scanned_image"": 2}","[4, 6]"
025540_2024_governance_report,025540,한국단자공업,2024,governance_report,/content/drive/MyDrive/ESG 팀프로젝트/2. ESG 채점 세트/보고서 3종/한국단자공업(025540)/025540_2024_governance.pdf,46,0,0.0,0,0,0,0.0,{},[]
025540_2024_sustainability_report,025540,한국단자공업,2024,sustainability_report,/content/drive/MyDrive/ESG 팀프로젝트/2. ESG 채점 세트/보고서 3종/한국단자공업(025540)/025540_2024_sustainability.pdf,94,4,0.043,0,0,4,0.043,"{""scanned_image"": 4}","[1, 2, 14, 73]"
025540_2025_business_report,025540,한국단자공업,2025,business_report,/content/drive/MyDrive/ESG 팀프로젝트/2. ESG 채점 세트/보고서 3종/한국단자공업(025540)/025540_2025_business.pdf,217,3,0.014,0,0,3,0.014,"{""scanned_image"": 3}","[5, 7, 26]"
025540_2025_governance_report,025540,한국단자공업,2025,governance_report,/content/drive/MyDrive/ESG 팀프로젝트/2. ESG 채점 세트/보고서 3종/한국단자공업(025540)/025540_2025_governance.pdf,48,0,0.0,0,0,0,0.0,{},[]
025540_2025_sustainability_report,025540,한국단자공업,2025,sustainability_report,/content/drive/MyDrive/ESG 팀프로젝트/2. ESG 채점 세트/보고서 3종/한국단자공업(025540)/025540_2025_sustainability.pdf,123,19,0.154,13,0,6,0.049,"{""vector_curve_text"": 3, ""scanned_image"": 3}","[10, 30, 33, 41, 51, 71]"
004710_2023_business_report,004710,한솔테크닉스,2023,business_report,/content/drive/MyDrive/ESG 팀프로젝트/2. ESG 채점 세트/보고서 3종/한솔테크닉스(004710)/004710_2023_business.pdf,334,3,0.009,0,0,3,0.009,"{""scanned_image"": 3}","[5, 7, 279]"
004710_2023_governance_report,004710,한솔테크닉스,2023,governance_report,/content/drive/MyDrive/ESG 팀프로젝트/2. ESG 채점 세트/보고서 3종/한솔테크닉스(004710)/004710_2023_governance.pdf,42,0,0.0,0,0,0,0.0,{},[]
004710_2023_sustainability_report,004710,한솔테크닉스,2023,sustainability_report,/content/drive/MyDrive/ESG 팀프로젝트/2. ESG 채점 세트/보고서 3종/한솔테크닉스(004710)/004710_2023_sustainability.pdf,124,20,0.161,15,0,5,0.04,"{""vector_curve_text"": 4, ""scanned_image"": 1}","[7, 8, 27, 30, 31]"
004710_2024_business_report,004710,한솔테크닉스,2024,business_report,/content/drive/MyDrive/ESG 팀프로젝트/2. ESG 채점 세트/보고서 3종/한솔테크닉스(004710)/004710_2024_business.pdf,338,1,0.003,0,0,1,0.003,"{""scanned_image"": 1}",[4]
004710_2024_governance_report,004710,한솔테크닉스,2024,governance_report,/content/drive/MyDrive/ESG 팀프로젝트/2. ESG 채점 세트/보고서 3종/한솔테크닉스(004710)/004710_2024_governance.pdf,42,0,0.0,0,0,0,0.0,{},[]
004710_2024_sustainability_report,004710,한솔테크닉스,2024,sustainability_report,/content/drive/MyDrive/ESG 팀프로젝트/2. ESG 채점 세트/보고서 3종/한솔테크닉스(004710)/004710_2024_sustainability.pdf,160,29,0.181,22,0,7,0.044,"{""vector_curve_text"": 4, ""scanned_image"": 3}","[1, 4, 9, 36, 37, 118, 160]"
004710_2025_business_report,004710,한솔테크닉스,2025,business_report,/content/drive/MyDrive/ESG 팀프로젝트/2. ESG 채점 세트/보고서 3종/한솔테크닉스(004710)/004710_2025_business.pdf,327,1,0.003,0,0,1,0.003,"{""scanned_image"": 1}",[6]
004710_2025_governance_report,004710,한솔테크닉스,2025,governance_report,/content/drive/MyDrive/ESG 팀프로젝트/2. ESG 채점 세트/보고서 3종/한솔테크닉스(004710)/004710_2025_governance.pdf,43,0,0.0,0,0,0,0.0,{},[]
004710_2025_sustainability_report,004710,한솔테크닉스,2025,sustainability_report,/content/drive/MyDrive/ESG 팀프로젝트/2. ESG 채점 세트/보고서 3종/한솔테크닉스(004710)/004710_2025_sustainability.pdf,78,10,0.128,7,0,3,0.038,"{""vector_curve_text"": 2, ""scanned_image"": 1}","[6, 20, 31]"
272210_2022_governance_report,272210,한화시스템,2022,governance_report,/content/drive/MyDrive/ESG 팀프로젝트/2. ESG 채점 세트/보고서 3종/한화시스템(272210)/272210_2022_governance.pdf,75,0,0.0,0,0,0,0.0,{},[]
272210_2022_sustainability_report,272210,한화시스템,2022,sustainability_report,/content/drive/MyDrive/ESG 팀프로젝트/2. ESG 채점 세트/보고서 3종/한화시스템(272210)/272210_2022_sustainability.pdf,100,15,0.15,13,0,2,0.02,"{""vector_curve_text"": 1, ""scanned_image"": 1}","[1, 100]"
272210_2023_governance_report,272210,한화시스템,2023,governance_report,/content/drive/MyDrive/ESG 팀프로젝트/2. ESG 채점 세트/보고서 3종/한화시스템(272210)/272210_2023_governance.pdf,77,0,0.0,0,0,0,0.0,{},[]
272210_2023_sustainability_report,272210,한화시스템,2023,sustainability_report,/content/drive/MyDrive/ESG 팀프로젝트/2. ESG 채점 세트/보고서 3종/한화시스템(272210)/272210_2023_sustainability.pdf,122,21,0.172,12,0,9,0.074,"{""vector_curve_text"": 3, ""scanned_image"": 6}","[1, 2, 8, 12, 18, 51, 92, 106, 120]"
272210_2024_business_report,272210,한화시스템,2024,business_report,/content/drive/MyDrive/ESG 팀프로젝트/2. ESG 채점 세트/보고서 3종/한화시스템(272210)/272210_2024_business.pdf,380,2,0.005,0,0,2,0.005,"{""scanned_image"": 2}","[7, 9]"
272210_2024_governance_report,272210,한화시스템,2024,governance_report,/content/drive/MyDrive/ESG 팀프로젝트/2. ESG 채점 세트/보고서 3종/한화시스템(272210)/272210_2024_governance.pdf,74,0,0.0,0,0,0,0.0,{},[]
272210_2024_sustainability_report,272210,한화시스템,2024,sustainability_report,/content/drive/MyDrive/ESG 팀프로젝트/2. ESG 채점 세트/보고서 3종/한화시스템(272210)/272210_2024_sustainability.pdf,141,5,0.035,0,0,5,0.035,"{""vector_curve_text"": 1, ""scanned_image"": 4}","[1, 3, 39, 58, 88]"
272210_2025_business_report,272210,한화시스템,2025,business_report,/content/drive/MyDrive/ESG 팀프로젝트/2. ESG 채점 세트/보고서 3종/한화시스템(272210)/272210_2025_business.pdf,404,1,0.002,0,0,1,0.002,"{""scanned_image"": 1}",[6]
272210_2025_governance_report,272210,한화시스템,2025,governance_report,/content/drive/MyDrive/ESG 팀프로젝트/2. ESG 채점 세트/보고서 3종/한화시스템(272210)/272210_2025_governance.pdf,81,0,0.0,0,0,0,0.0,{},[]
272210_2025_sustainability_report,272210,한화시스템,2025,sustainability_report,/content/drive/MyDrive/ESG 팀프로젝트/2. ESG 채점 세트/보고서 3종/한화시스템(272210)/272210_2025_sustainability.pdf,167,22,0.132,16,0,6,0.036,"{""vector_curve_text"": 1, ""scanned_image"": 5}","[1, 4, 14, 19, 41, 83]"
195870_2024_governance_report,195870,해성디에스,2024,governance_report,/content/drive/MyDrive/ESG 팀프로젝트/2. ESG 채점 세트/보고서 3종/해성디에스(195870)/195870_2024_governance.pdf,47,0,0.0,0,0,0,0.0,{},[]
195870_2024_sustainability_report,195870,해성디에스,2024,sustainability_report,/content/drive/MyDrive/ESG 팀프로젝트/2. ESG 채점 세트/보고서 3종/해성디에스(195870)/195870_2024_sustainability.pdf,108,31,0.287,26,0,5,0.046,"{""vector_curve_text"": 5}","[1, 30, 37, 42, 46]"
195870_2025_governance_report,195870,해성디에스,2025,governance_report,/content/drive/MyDrive/ESG 팀프로젝트/2. ESG 채점 세트/보고서 3종/해성디에스(195870)/195870_2025_governance.pdf,51,0,0.0,0,0,0,0.0,{},[]
195870_2025_sustainability_report,195870,해성디에스,2025,sustainability_report,/content/drive/MyDrive/ESG 팀프로젝트/2. ESG 채점 세트/보고서 3종/해성디에스(195870)/195870_2025_sustainability.pdf,104,6,0.058,5,0,1,0.01,"{""scanned_image"": 1}",[1]
298040_2022_governance_report,298040,효성중공업,2022,governance_report,/content/drive/MyDrive/ESG 팀프로젝트/2. ESG 채점 세트/보고서 3종/효성중공업(298040)/298040_2022_governance.pdf,77,0,0.0,0,0,0,0.0,{},[]
298040_2022_sustainability_report,298040,효성중공업,2022,sustainability_report,/content/drive/MyDrive/ESG 팀프로젝트/2. ESG 채점 세트/보고서 3종/효성중공업(298040)/298040_2022_sustainability.pdf,115,13,0.113,8,0,5,0.043,"{""vector_curve_text"": 2, ""scanned_image"": 3}","[1, 49, 62, 77, 106]"
298040_2023_governance_report,298040,효성중공업,2023,governance_report,/content/drive/MyDrive/ESG 팀프로젝트/2. ESG 채점 세트/보고서 3종/효성중공업(298040)/298040_2023_governance.pdf,77,0,0.0,0,0,0,0.0,{},[]
298040_2023_sustainability_report,298040,효성중공업,2023,sustainability_report,/content/drive/MyDrive/ESG 팀프로젝트/2. ESG 채점 세트/보고서 3종/효성중공업(298040)/298040_2023_sustainability.pdf,121,18,0.149,16,0,2,0.017,"{""vector_curve_text"": 1, ""scanned_image"": 1}","[1, 111]"
298040_2024_governance_report,298040,효성중공업,2024,governance_report,/content/drive/MyDrive/ESG 팀프로젝트/2. ESG 채점 세트/보고서 3종/효성중공업(298040)/298040_2024_governance.pdf,56,0,0.0,0,0,0,0.0,{},[]
298040_2024_sustainability_report,298040,효성중공업,2024,sustainability_report,/content/drive/MyDrive/ESG 팀프로젝트/2. ESG 채점 세트/보고서 3종/효성중공업(298040)/298040_2024_sustainability.pdf,149,14,0.094,7,0,7,0.047,"{""vector_curve_text"": 5, ""scanned_image"": 2}","[1, 3, 4, 40, 97, 142, 143]"
298040_2025_governance_report,298040,효성중공업,2025,governance_report,/content/drive/MyDrive/ESG 팀프로젝트/2. ESG 채점 세트/보고서 3종/효성중공업(298040)/298040_2025_governance.pdf,63,0,0.0,0,0,0,0.0,{},[]
298040_2025_sustainability_report,298040,효성중공업,2025,sustainability_report,/content/drive/MyDrive/ESG 팀프로젝트/2. ESG 채점 세트/보고서 3종/효성중공업(298040)/298040_2025_sustainability.pdf,112,6,0.054,5,0,1,0.009,"{""scanned_image"": 1}",[1]
267260_2022_sustainability_report,267260,HD현대일렉트릭,2022,sustainability_report,/content/drive/MyDrive/ESG 팀프로젝트/2. ESG 채점 세트/보고서 3종/HD현대일렉트릭(267260)/267260_2022_sustainability.pdf,79,1,0.013,0,0,1,0.013,"{""scanned_image"": 1}",[1]
189300_2025_sustainability_report,189300,인텔리안테크,2025,sustainability_report,/content/drive/MyDrive/ESG 팀프로젝트/2. ESG 채점 세트/보고서 3종/인텔리안테크(189300)/189300_2025_sustainability.pdf,46,46,1.0,0,0,46,1.0,"{""vector_curve_text"": 2, ""scanned_image"": 44}","[1, 2, 3, 4, 5, 6, 7, 8, 9, 10, 11, 12, 13, 14, 15, 16, 17, 18, 19, 20, 21, 22, 23, 24, 25, 26, 27, 28, 29, 30, 31, 32, 33, 34, 35, 36, 37, 38, 39, 40, 41, 42, 43, 44, 45, 46]"
272210_2022_business_report,272210,한화시스템,2022,business_report,/content/drive/MyDrive/ESG 팀프로젝트/2. ESG 채점 세트/보고서 3종/한화시스템(272210)/272210_2022_business.pdf,375,2,0.005,0,0,2,0.005,"{""scanned_image"": 2}","[5, 7]"
272210_2023_business_report,272210,한화시스템,2023,business_report,/content/drive/MyDrive/ESG 팀프로젝트/2. ESG 채점 세트/보고서 3종/한화시스템(272210)/272210_2023_business.pdf,374,2,0.005,0,0,2,0.005,"{""scanned_image"": 2}","[4, 6]"
195870_2024_business_report,195870,해성디에스,2024,business_report,/content/drive/MyDrive/ESG 팀프로젝트/2. ESG 채점 세트/보고서 3종/해성디에스(195870)/195870_2024_business.pdf,239,1,0.004,0,0,1,0.004,"{""scanned_image"": 1}",[4]
195870_2025_business_report,195870,해성디에스,2025,business_report,/content/drive/MyDrive/ESG 팀프로젝트/2. ESG 채점 세트/보고서 3종/해성디에스(195870)/195870_2025_business.pdf,210,1,0.005,0,0,1,0.005,"{""scanned_image"": 1}",[5]
298040_2022_business_report,298040,효성중공업,2022,business_report,/content/drive/MyDrive/ESG 팀프로젝트/2. ESG 채점 세트/보고서 3종/효성중공업(298040)/298040_2022_business.pdf,320,2,0.006,0,0,2,0.006,"{""scanned_image"": 2}","[10, 12]"
298040_2023_business_report,298040,효성중공업,2023,business_report,/content/drive/MyDrive/ESG 팀프로젝트/2. ESG 채점 세트/보고서 3종/효성중공업(298040)/298040_2023_business.pdf,327,2,0.006,0,0,2,0.006,"{""scanned_image"": 2}","[11, 13]"
298040_2024_business_report,298040,효성중공업,2024,business_report,/content/drive/MyDrive/ESG 팀프로젝트/2. ESG 채점 세트/보고서 3종/효성중공업(298040)/298040_2024_business.pdf,389,2,0.005,0,0,2,0.005,"{""scanned_image"": 2}","[6, 8]"
298040_2025_business_report,298040,효성중공업,2025,business_report,/content/drive/MyDrive/ESG 팀프로젝트/2. ESG 채점 세트/보고서 3종/효성중공업(298040)/298040_2025_business.pdf,418,2,0.005,0,0,2,0.005,"{""scanned_image"": 2}","[9, 11]"
361610_2024_sustainability_report,361610,SK아이이테크놀로지,2024,sustainability_report,/content/drive/MyDrive/ESG 팀프로젝트/2. ESG 채점 세트/보고서 3종/SK아이이테크놀로지(361610)/361610_2024_sustainability.pdf,130,21,0.162,13,0,8,0.062,"{""vector_curve_text"": 1, ""scanned_image"": 7}","[1, 9, 20, 35, 36, 39, 44, 71]"
005930_2022_governance_report,005930,삼성전자,2022,governance_report,/content/drive/MyDrive/ESG 팀프로젝트/2. ESG 채점 세트/보고서 3종/삼성전자(005930)/005930_2022_governance.pdf,123,0,0.0,0,0,0,0.0,{},[]
005930_2023_governance_report,005930,삼성전자,2023,governance_report,/content/drive/MyDrive/ESG 팀프로젝트/2. ESG 채점 세트/보고서 3종/삼성전자(005930)/005930_2023_governance.pdf,127,0,0.0,0,0,0,0.0,{},[]
005930_2024_governance_report,005930,삼성전자,2024,governance_report,/content/drive/MyDrive/ESG 팀프로젝트/2. ESG 채점 세트/보고서 3종/삼성전자(005930)/005930_2024_governance.pdf,78,2,0.026,2,0,0,0.0,{},[]
005930_2025_governance_report,005930,삼성전자,2025,governance_report,/content/drive/MyDrive/ESG 팀프로젝트/2. ESG 채점 세트/보고서 3종/삼성전자(005930)/005930_2025_governance.pdf,111,0,0.0,0,0,0,0.0,{},[]
046890_2022_business_report,046890,서울반도체,2022,business_report,/content/drive/MyDrive/ESG 팀프로젝트/2. ESG 채점 세트/보고서 3종/서울반도체(046890)/046890_2022_business.pdf,231,1,0.004,0,0,1,0.004,"{""scanned_image"": 1}",[4]
046890_2023_business_report,046890,서울반도체,2023,business_report,/content/drive/MyDrive/ESG 팀프로젝트/2. ESG 채점 세트/보고서 3종/서울반도체(046890)/046890_2023_business.pdf,233,1,0.004,0,0,1,0.004,"{""scanned_image"": 1}",[4]
046890_2024_business_report,046890,서울반도체,2024,business_report,/content/drive/MyDrive/ESG 팀프로젝트/2. ESG 채점 세트/보고서 3종/서울반도체(046890)/046890_2024_business.pdf,187,1,0.005,0,0,1,0.005,"{""scanned_image"": 1}",[4]
046890_2025_business_report,046890,서울반도체,2025,business_report,/content/drive/MyDrive/ESG 팀프로젝트/2. ESG 채점 세트/보고서 3종/서울반도체(046890)/046890_2025_business.pdf,187,2,0.011,0,0,2,0.011,"{""scanned_image"": 2}","[9, 12]"
